"","player","player_id","position","team_name","player_game_count","avg_depth_of_target","avoided_tackles","caught_percent","contested_catch_rate","contested_receptions","contested_targets","declined_penalties","drop_rate","drops","first_downs","franchise_id","fumbles","grades_hands_drop","grades_hands_fumble","grades_offense","grades_pass_block","grades_pass_route","inline_rate","inline_snaps","interceptions","longest","pass_block_rate","pass_blocks","pass_plays","penalties","receptions","route_rate","routes","slot_rate","slot_snaps","targeted_qb_rating","targets","touchdowns","wide_rate","wide_snaps","yards","yards_after_catch","yards_after_catch_per_reception","yards_per_reception","yprr","Year","Height..in.","Weight..lbs.","X40.Yard","Bench.Press","Vert.Leap..in.","Broad.Jump..in.","Shuttle","X3Cone"
"1","Amari Cooper",9437,"WR","ALABAMA",14,9.9,26,71.3,NA,0,0,0,6.1,8,0,103,0,79.4,78.8,92.8,NA,93.3,0,0,2,80,0,0,446,2,124,97.1,433,19.5,87,128.7,174,16,79.6,355,1727,878,7.1,13.9,3.99,2015,72.88,211,4.42,NA,33,120,3.98,6.71
"2","Justin Hardy",9540,"WR","E CAROLINA",13,9.5,20,72.5,NA,0,0,0,4,5,0,156,1,85,78.2,89.5,68.5,89.2,0,0,5,66,0.2,1,659,2,121,94.8,625,64.2,423,107.2,167,10,35.1,231,1494,612,5.1,12.3,2.39,2015,70.25,192,4.56,11,36.5,114,4.21,6.63
"3","Vince Mayle",9556,"WR","WASH STATE",12,9.8,25,65,NA,0,0,0,15.2,19,0,341,1,43.9,60.8,76.7,NA,75.3,0,0,3,90,0,0,579,3,106,95.2,551,0.7,4,104.9,163,9,99.3,575,1483,827,7.8,14,2.69,2015,74,224,4.67,NA,35.5,117,4.13,6.93
"4","Kevin White",9440,"WR","W VIRGINIA",13,11.1,24,68.1,NA,0,0,0,7.6,9,0,343,1,72.6,61.2,78.5,NA,78.2,0.5,3,5,68,0,0,590,5,109,94.6,558,7.6,45,104.3,160,10,90.7,535,1447,679,6.2,13.3,2.59,2015,74.63,215,4.35,23,36.5,123,4.14,6.92
"5","Jaelen Strong",9503,"WR","ARIZONA ST",12,13.9,7,53.3,NA,0,0,1,8,7,1,110,0,70.3,76.2,86.6,NA,87.5,0,0,3,77,0,0,455,2,81,94.7,431,25.3,115,92.2,152,10,74.7,340,1168,421,5.2,14.4,2.71,2015,74.38,217,4.44,NA,42,123,4.21,7.34
"6","Jamison Crowder",9538,"WR","DUKE",13,11,11,56.4,NA,0,0,0,10.6,10,1,154,1,60.8,58.1,73,NA,73.1,0,0,4,52,0,0,474,2,84,97,460,17.3,82,81.1,149,6,81.9,388,1064,550,6.5,12.7,2.31,2015,68.38,185,4.56,10,37,115,4.32,7.17
"7","Josh Harper",9979,"WR","FRESNO ST",14,13,13,59.7,NA,0,0,0,8.2,8,0,169,0,73.6,76.9,72.6,NA,72.5,0,0,8,58,0,0,578,1,89,95.8,554,12.5,72,75.8,149,7,87.5,506,1095,396,4.4,12.3,1.98,2015,72.88,191,4.64,13,32,108,4.36,7.15
"8","Tyler Lockett",9502,"WR","KANSAS ST",13,11.9,9,72.1,NA,0,0,0,6.2,7,0,199,0,79.1,78,92.7,NA,92.8,0,0,3,70,0,0,445,3,106,93.3,415,15.3,68,121.6,147,11,84.3,375,1515,455,4.3,14.3,3.65,2015,69.88,182,4.4,NA,35.5,121,4.07,6.89
"9","Tommy Shuler",14643,"WR","MARSHALL",14,10.9,8,67.2,NA,0,0,0,4.2,4,1,214,1,84.5,58.5,78.9,NA,80.9,0,0,6,42,0,0,515,2,92,94.2,485,99.6,513,96.3,137,9,0.4,2,1138,313,3.4,12.4,2.35,2015,67,188,4.68,NA,NA,NA,NA,NA
"10","Nelson Agholor",9453,"WR","USC",13,8.9,17,76.3,NA,0,0,0,6.4,7,0,326,0,77.6,77.7,89.2,NA,91.2,2.4,11,2,87,0,0,467,2,103,95.7,447,52.2,244,129.4,135,12,41.5,194,1306,573,5.6,12.7,2.92,2015,72.13,198,4.42,12,36.5,125,4.34,6.83
"11","Deontay Greenberry",9844,"WR","HOUSTON",13,11.5,8,53.3,NA,0,0,0,11.1,9,0,182,0,58.4,75.4,67.4,NA,67.4,0,0,6,67,0,0,536,2,72,96.1,515,89.2,478,68.8,135,6,10.8,58,840,355,4.9,11.7,1.63,2015,73,198,4.64,21,35.5,116,4.31,7.23
"12","Da'Ron Brown",9666,"WR","N ILLINOIS",14,14.4,14,54,NA,0,0,0,10.5,8,0,254,0,48.8,77.2,73.9,NA,74.6,0,0,2,64,0,0,429,4,68,95.8,411,20.7,89,91.5,126,6,79.3,340,1065,442,6.5,15.7,2.59,2015,72.13,205,4.54,17,37,120,4.11,7.04
"13","Bud Sasser",9634,"WR","MISSOURI",14,12.2,3,65.8,NA,0,0,0,2.5,2,0,229,1,89.8,55.8,80.3,NA,81.4,0,0,1,47,0,0,491,3,77,94.5,464,12.4,61,123.1,117,12,87.6,430,997,292,3.8,12.9,2.15,2015,74.63,210,4.62,18,34.5,120,4.38,6.88
"14","Mario Alford",9671,"WR","W VIRGINIA",13,11.2,6,58,NA,0,0,0,15.6,12,0,343,1,37.9,52.2,61.7,NA,61.8,0.3,2,0,79,0,0,578,3,65,94.6,547,4.3,25,118.3,112,11,94.3,545,945,476,7.3,14.5,1.73,2015,68.5,180,4.43,13,34,121,4.07,6.64
"15","Tony Lippett",9589,"WR","MICH STATE",13,13.3,7,61.9,NA,0,0,0,3,2,1,223,0,87,75.6,90.2,NA,90.4,0,0,2,71,0,0,341,3,65,96.2,328,14.4,49,128.2,105,11,85.6,292,1198,383,5.9,18.4,3.65,2015,74.5,192,4.61,10,36,114,4.13,6.92
"16","Antwan Goodley",9843,"WR","BAYLOR",11,12.5,10,58.8,NA,0,0,0,13,9,0,118,1,51.4,54.4,70.3,NA,68.1,0,0,1,66,0,0,428,2,60,95.1,407,11.4,49,100.5,102,6,86.7,371,830,344,5.7,13.8,2.04,2015,70.25,209,4.44,NA,35,127,4.38,7.19
"17","Devin Funchess",9474,"WR","MICHIGAN",11,9.7,7,60.8,NA,0,0,2,8.8,6,0,222,0,66.1,75.2,72,69.8,71.8,2.6,9,4,45,0.3,1,345,2,62,96.2,332,39.4,136,79.4,102,4,57.7,199,733,268,4.3,11.8,2.21,2015,76.25,232,4.7,17,38.5,122,4.48,6.98
"18","Titus Davis",10126,"WR","C MICHIGAN",10,13.6,9,60.6,NA,0,0,1,10.4,7,1,134,0,61,75.4,87.6,NA,89.6,0.3,1,3,53,0,0,291,3,60,95.5,278,18.2,53,120.8,99,13,81.4,237,980,259,4.3,16.3,3.53,2015,72.75,196,4.51,NA,32.5,119,4.28,7.14
"19","Ty Montgomery",9527,"WR","STANFORD",11,6.5,16,62.2,NA,0,0,0,7.6,5,0,300,1,66.6,49.2,78.6,NA,74.6,0.3,1,5,44,0,0,292,0,61,95.9,280,21.6,63,68.6,98,3,77.4,226,604,437,7.2,9.9,2.16,2015,71.88,221,4.55,16,40.5,121,4.21,6.97
"20","Stefon Diggs",9579,"WR","MARYLAND",10,7.3,13,64.9,NA,0,0,0,8.7,6,0,215,0,67.2,75.8,79.5,NA,79.3,0,0,2,77,0,0,365,2,63,97.3,355,81.6,298,99,97,5,17,62,796,524,8.3,12.6,2.24,2015,72,195,4.46,11,35,115,4.32,7.03
"21","Breshad Perriman",9459,"WR","UCF",13,17.7,7,51.5,NA,0,0,0,13.8,8,1,323,0,45.9,74.2,71.8,NA,71.8,0,0,3,61,0,0,440,2,50,94.1,414,5.9,26,107.9,97,9,94.1,414,1044,253,5.1,20.9,2.52,2015,74,212,4.52,18,36.5,127,NA,NA
"22","Deon Long",10102,"WR","MARYLAND",13,10.7,6,55.4,NA,0,0,0,7.3,4,1,215,0,71.4,74.2,63.1,NA,62.9,0,0,4,50,0,0,428,4,51,97,415,2.6,11,63.5,92,2,97.4,417,575,248,4.9,11.3,1.39,2015,71.63,192,4.51,12,34,120,4.27,6.98
"23","Cam Worthy",9868,"WR","E CAROLINA",11,16.9,2,59.8,NA,0,0,1,3.5,2,0,156,0,84.1,74.3,76,NA,77.1,0,0,2,53,0,0,515,2,55,95.1,490,22.9,118,103.4,92,4,77.1,397,1016,216,3.9,18.5,2.07,2015,74.25,211,4.59,12,NA,NA,NA,NA
"24","Jaxon Shipley",9806,"WR","TEXAS",12,9.2,1,66.7,NA,0,0,0,3.2,2,2,311,2,85,28.6,64,NA,63.9,0.5,2,2,48,0,0,384,1,60,95.8,368,72.1,277,80.1,90,1,27.3,105,605,214,3.6,10.1,1.64,2015,72.13,193,4.54,10,35.5,128,4.37,6.82
"25","Kenny Bell",9595,"WR","NEBRASKA",13,15.6,9,52.2,NA,0,0,0,9.6,5,0,238,0,63.8,73.6,85.4,60.9,81.8,0.4,1,5,73,0.4,1,274,1,47,96,263,18.2,50,81.3,90,6,81,222,792,303,6.4,16.9,3.01,2015,73.13,197,4.42,7,41.5,129,4.15,6.66
"26","Austin Hill",10147,"WR","ARIZONA",14,8.9,6,57,NA,0,0,0,5.8,3,0,109,0,76.8,73.9,55.9,41.3,56,15.3,89,3,92,4.3,25,580,3,49,90.2,523,50.2,291,81.3,86,4,32.4,188,635,288,5.9,13,1.21,2015,74.13,214,4.59,17,36.5,121,4.11,6.72
"27","Shane Wynn",9780,"WR","INDIANA",12,11.3,15,65.1,NA,0,0,0,9.7,6,0,190,0,62.9,75.5,74.3,NA,72.9,0,0,1,76,0,0,308,2,56,95.5,294,47.1,145,97.4,86,3,52.9,163,707,378,6.8,12.6,2.4,2015,66,167,4.38,13,36,120,4.25,6.89
"28","Malcome Kennedy",10094,"WR","TEXAS A&M",11,7.4,11,61.9,NA,0,0,0,8.8,5,1,312,0,66.5,74.3,69.4,NA,66.3,0,0,1,60,0,0,365,1,52,96.7,353,98.6,360,102.5,84,6,1.1,4,605,403,7.8,11.6,1.71,2015,71.25,207,4.57,10,31.5,119,4.26,7.1
"29","Kevonte Martin-Manley",14514,"WR","IOWA",13,8.9,5,63.4,NA,0,0,0,5.5,3,0,192,0,76.7,73.9,61.2,NA,61,0,0,1,43,0,0,429,0,52,95.8,411,81.1,348,84.3,82,2,18.9,81,518,216,4.2,10,1.26,2015,72.13,205,4.56,NA,35.5,124,4.21,6.94
"30","Jordan Taylor",9793,"WR","RICE",10,11.1,9,65.9,NA,0,0,0,11.5,7,0,275,1,56.9,47.7,79.1,63.9,77.7,0,0,1,88,0.4,1,282,0,54,97.5,275,91.5,258,123.1,82,7,8.5,24,842,414,7.7,15.6,3.06,2015,76.38,204,4.54,9,36.5,122,4.46,6.69
"31","Rannell Hall",9942,"WR","UCF",10,9.5,10,60.5,NA,0,0,0,7.5,4,0,323,0,69.9,65.1,70.3,70,69.8,0.6,2,5,34,0.6,2,333,2,49,94.3,314,57.4,191,52.5,81,0,36.9,123,500,222,4.5,10.2,1.59,2015,72.38,198,4.6,16,41,132,4.15,6.86
"32","Devante Davis",9745,"WR","UNLV",8,16.1,4,42.5,NA,0,0,0,15,6,0,325,0,55.1,72.4,69.2,NA,69.3,0,0,5,81,0,0,350,2,34,95.7,335,6.9,24,58.9,80,4,93.1,326,591,166,4.9,17.4,1.76,2015,74.88,220,4.57,16,35.5,115,4.12,7.25
"33","Jarrod West",10309,"WR","SYRACUSE",12,13.3,3,61.3,NA,0,0,0,7.5,4,0,304,0,76,73.8,71.2,NA,68.8,0,0,2,51,0,0,373,1,49,95.2,355,13.1,49,78.9,80,0,86.9,324,695,221,4.5,14.2,1.96,2015,73.88,209,4.53,19,35.5,122,4.19,7.06
"34","DeVante Parker",9447,"WR","LOUISVILLE",6,14.4,15,57.3,NA,0,0,0,4.4,2,1,210,0,79.1,73.2,92.2,NA,92.4,0,0,6,71,0,0,206,1,43,97.6,201,10.2,21,86.3,75,5,89.8,185,855,348,8.1,19.9,4.25,2015,74.63,209,4.45,17,36.5,125,NA,NA
"35","Sammie Coates",9520,"WR","AUBURN",12,21.5,9,45.9,NA,0,0,0,12.8,5,0,115,0,55.8,72.6,77.3,61,75.6,0,0,1,68,0.4,1,277,5,34,94.9,263,10.1,28,94.5,74,4,89.9,249,741,128,3.8,21.8,2.82,2015,73.38,212,4.43,23,41,131,4.06,6.98
"36","Geremy Davis",9619,"WR","UCONN",10,13.2,1,60.3,NA,0,0,0,0,0,0,146,0,91.4,73.3,71.5,NA,73.2,0,0,3,39,0,0,257,2,44,96.1,247,19.8,51,78.6,73,3,80.2,206,521,67,1.5,11.8,2.11,2015,74.38,216,4.58,23,36.5,124,4.18,6.86
"37","Nick Harwell",9846,"WR","KANSAS",12,11.8,3,60.3,NA,0,0,0,10.2,5,1,198,0,62.6,74,60.5,70.8,60.5,0.5,2,1,51,0.3,1,390,0,44,96.9,378,87.9,343,96.3,73,5,11,43,470,183,4.2,10.7,1.24,2015,71.25,193,4.57,9,34.5,123,4.2,6.73
"38","Tony Jones",9714,"WR","NWESTERN",10,12.5,1,48.6,NA,0,0,0,14.6,6,0,256,0,48.8,73.5,59.2,NA,58.5,0,0,4,35,0,0,319,1,35,95,303,49.2,157,42.8,72,1,50.8,162,324,77,2.2,9.3,1.07,2015,71.38,197,4.42,NA,NA,NA,NA,NA
"39","Tony Jones",9714,"WR","NWESTERN",10,12.5,1,48.6,NA,0,0,0,14.6,6,0,256,0,48.8,73.5,59.2,NA,58.5,0,0,4,35,0,0,319,1,35,95,303,49.2,157,42.8,72,1,50.8,162,324,77,2.2,9.3,1.07,2020,71,224,4.68,13,32.5,119,4.21,7.18
"40","Andre Davis",9731,"WR","USF",8,16.8,4,50.7,NA,0,0,2,5.3,2,0,327,1,76.2,37.4,74.1,NA,76.3,0,0,3,85,0,0,270,4,36,94.8,256,15.2,41,94.4,71,7,84.4,228,593,207,5.8,16.5,2.32,2015,72.88,207,4.55,NA,32,118,4.33,7.09
"41","Kaelin Clay",9617,"WR","UTAH",13,10.2,5,61.4,NA,0,0,0,8.5,4,1,328,2,66.4,28.7,59.7,NA,60.6,0,0,2,78,0,0,339,3,43,96.5,327,89.7,304,91.4,70,4,10.3,35,520,244,5.7,12.1,1.59,2015,69.63,195,4.51,10,33,113,4.26,6.97
"42","Nigel King",9817,"WR","KANSAS",12,16.9,4,43.5,NA,0,0,0,11.8,4,0,198,0,57.5,71.9,64.5,NA,63.2,0,0,1,78,0,0,355,1,30,97.5,346,6.8,24,69.5,69,1,93.2,331,537,205,6.8,17.9,1.55,2015,74.13,213,4.57,15,39.5,128,4.38,NA
"43","Kyle Prater",10164,"WR","NWESTERN",11,9.2,2,76.1,NA,0,0,0,5.6,3,0,256,2,77.2,26.8,71.1,63.9,71.1,0.3,1,0,29,0.3,1,332,3,51,95.2,316,4.2,14,109.4,67,2,95.5,317,546,160,3.1,10.7,1.73,2015,77.13,228,4.58,20,31,121,4.24,7.07
"44","Phillip Dorsett",9462,"WR","MIAMI FL",13,18.9,3,53.7,NA,0,0,0,2.7,1,0,220,0,83.6,73.2,72.9,NA,71.6,0,0,1,79,0,0,386,0,36,96.9,374,22.8,88,132.3,67,10,77.2,298,871,360,10,24.2,2.33,2015,69.75,185,4.33,13,37,122,4.11,6.7
"45","Dominic Rufran",15683,"WR","WYOMING",12,10.2,5,68.2,NA,0,0,0,8.2,4,0,351,1,67.8,47.5,68,NA,68.5,0,0,0,88,0,0,346,0,45,96.5,334,41,142,96.5,66,0,58.1,201,596,251,5.6,13.2,1.78,2015,71.5,188,4.55,18,33.5,121,4.29,7.21
"46","DeAndrew White",9697,"WR","ALABAMA",11,10,5,63.5,NA,0,0,0,9.1,4,1,103,1,65.7,43.5,69.8,60.9,67.2,0,0,1,58,0.3,1,328,1,40,97,318,39.3,129,102.9,63,4,60.7,199,504,215,5.4,12.6,1.58,2015,71.5,193,4.44,NA,34.5,118,4.18,6.97
"47","DeAndre Smelter",9565,"WR","GA TECH",12,17,5,56.5,NA,0,0,0,5.4,2,0,176,0,68.9,73.5,90.9,78.1,90.2,0,0,1,71,4.9,9,182,0,35,89.6,163,5.5,10,128.1,62,7,88.5,161,715,239,6.8,20.4,4.39,2015,74.13,226,4.58,NA,NA,NA,NA,NA
"48","Michael Bennett",10310,"WR","GEORGIA",13,9.9,2,66.1,NA,0,0,0,5.1,2,0,173,0,76.7,72.7,70.1,NA,69.6,0,0,1,30,0,0,277,1,37,97.5,270,61.4,170,103.6,56,4,38.6,107,404,120,3.2,10.9,1.5,2015,73.63,202,4.59,NA,NA,NA,NA,NA
"49","Chris Conley",9509,"WR","GEORGIA",13,16.8,2,66.7,NA,0,0,0,10,4,0,173,1,62,36.6,74.2,NA,73.6,0.4,1,1,48,0,0,274,0,36,96.4,264,23.4,64,140.2,54,8,75.9,208,657,159,4.4,18.3,2.49,2015,73.88,213,4.35,18,45,139,4.3,7.06
"50","J.J. Worton",11404,"WR","UCF",10,7.5,13,67.9,NA,0,0,0,7.7,3,0,323,0,69.4,72.6,68,NA,67.8,0.9,3,1,73,0,0,316,1,36,92.7,293,88.6,280,122.6,53,5,9.8,31,513,282,7.8,14.3,1.75,2015,73,209,4.63,NA,NA,NA,NA,NA
"51","Jameon Lewis",14749,"WR","MISS STATE",10,7,5,64,NA,0,0,0,15.8,6,1,227,0,45.9,74.5,65.2,NA,64.4,0,0,3,74,0,0,211,0,32,97.2,205,97.6,206,75.4,50,2,1.4,3,380,258,8.1,11.9,1.85,2015,68.25,184,4.57,11,29,110,4.43,7.21
"52","Levi Norwood",10009,"WR","BAYLOR",10,8.2,7,72.9,NA,0,0,0,2.8,1,0,118,0,82.7,72.7,69,NA,68.1,0,0,1,31,0,0,247,0,35,94.7,234,90.3,223,95.7,48,2,9.7,24,319,111,3.2,9.1,1.36,2015,72.5,193,4.52,NA,34.5,123,4.19,6.78
"53","Devin Smith",9470,"WR","OHIO STATE",15,23.8,2,68.8,NA,0,0,0,5.7,2,0,260,0,74.5,72.2,80.7,NA,82.6,0.4,1,2,80,0,0,264,0,33,97.3,257,22.3,59,133.7,48,12,76.9,203,931,231,7,28.2,3.62,2015,72.38,196,4.42,10,39,122,4.15,6.83
"54","Keanon Lowe",15073,"WR","OREGON",12,11.3,2,59.6,NA,0,0,0,12.5,4,0,264,0,63.4,72,63.3,NA,61.4,1.3,4,1,57,0,0,299,1,28,96,287,46.5,139,114.9,47,5,52.2,156,413,197,7,14.8,1.44,2015,68.88,186,4.46,10,35.5,108,4.33,6.94
"55","Damiere Byrd",9964,"WR","S CAROLINA",13,20.5,2,43.5,NA,0,0,1,16.7,4,0,289,1,44.4,31.9,60.2,NA,58.7,0,0,1,46,0,0,192,2,20,95.3,183,4.7,9,79,46,3,94.8,182,309,66,3.3,15.5,1.69,2015,69.25,162,4.39,13,42,131,4.09,6.59
"56","Quinton Dunbar",10073,"WR","FLORIDA",10,16.9,3,46.7,NA,0,0,0,22.2,6,0,163,0,29.3,70.4,57.8,64.4,57.5,0.4,1,3,70,0.4,1,230,1,21,96.5,222,5.2,12,60.7,45,2,94.3,217,353,94,4.5,16.8,1.59,2015,73.63,195,4.44,7,35,120,4.16,7.1
"57","Ezell Ruffin",9706,"WR","S DIEGO ST",7,14.8,3,57.8,NA,0,0,0,7.1,2,0,284,0,70.1,72.2,80.4,61,80.3,0.5,1,2,59,0.5,1,187,1,26,95.2,178,42.2,79,85.6,45,2,57.2,107,422,96,3.7,16.2,2.37,2015,71.63,218,4.68,17,27.5,110,4.58,7.35
"58","Darren Waller",9637,"WR","GA TECH",12,19.6,2,57.8,NA,0,0,0,0,0,0,176,0,89,71.3,83.7,78.7,86.3,0,0,2,55,2.7,5,183,2,26,91.3,167,2.2,4,112.2,45,6,95.1,174,442,86,3.3,17,2.65,2015,78.13,238,4.46,12,37,125,4.25,7.07
"59","Dres Anderson",9690,"WR","UTAH",7,15.1,3,50,NA,0,0,0,18.5,5,0,328,0,48.5,71.2,60.8,NA,60.5,0,0,2,48,0,0,218,0,22,95.4,208,10.6,23,88.7,44,4,89.4,195,355,79,3.6,16.1,1.71,2015,73.13,187,4.53,13,NA,121,4.22,6.83
"60","Keith Mumphery",9608,"WR","MICH STATE",13,16.1,4,60.5,NA,0,0,0,7.1,2,0,223,0,70.1,73.7,72.8,NA,70.7,0,0,1,62,0,0,237,0,26,97.5,231,20.3,48,114,43,3,78.9,187,495,143,5.5,19,2.14,2015,71.63,215,4.54,15,32.5,121,4.25,7.07
"61","Shakim Phillips",10146,"WR","BOSTON COL",12,23.4,0,35.1,NA,0,0,0,18.8,3,0,121,0,44,69.7,68.2,NA,69.5,0,0,4,49,0,0,129,0,13,94.6,122,39.5,51,59.6,37,4,60.5,78,282,57,4.4,21.7,2.31,2015,73,206,4.42,17,39,127,4.33,6.97
"62","Justin McCay",15802,"WR","KANSAS",12,11.5,2,48.6,NA,0,0,1,10,2,0,198,0,61.5,69.9,52.4,NA,50.8,0,0,3,60,0,0,291,2,18,96.6,281,7.2,21,48.1,37,2,92.8,270,189,107,5.9,10.5,0.67,2015,74.13,210,4.54,12,33,113,4.58,7.33
"63","Evan Spencer",9620,"WR","OHIO STATE",15,12.4,1,41.7,NA,0,0,0,11.8,2,0,260,0,57.3,69.3,58.9,34.4,53.1,0.7,2,2,22,0,0,283,0,15,96.1,272,33.6,95,58.7,36,3,65.4,185,149,81,5.4,9.9,0.55,2015,73.38,208,4.54,20,35,124,4.29,7.03
"64","Demetrius Wilson",10137,"WR","ARKANSAS",12,13.3,3,47.2,NA,0,0,0,5.6,1,1,111,0,71.9,69.7,66.1,NA,63.2,0,0,1,36,0,0,181,0,17,97.2,176,6.6,12,64.6,36,1,93.4,169,220,51,3,12.9,1.25,2015,73.38,185,4.49,4,35,124,4.34,6.65
"65","Kasen Williams",10195,"WR","WASHINGTON",14,11.5,2,52.8,NA,0,0,0,0,0,0,340,0,75.2,70.4,63.4,33.2,61.5,0.4,1,2,19,0.4,1,231,1,19,95.2,220,22.9,53,63,36,2,76.6,177,186,63,3.3,9.8,0.85,2015,73.5,219,4.54,17,35.5,119,4.47,7.05
"66","George Farmer",9842,"WR","USC",11,7.5,5,83.3,NA,0,0,0,7.4,2,0,326,0,69.4,72.1,63.3,NA,65.4,0.5,1,0,48,0,0,203,3,25,97.5,198,14.8,30,149.9,30,4,83.7,170,314,127,5.1,12.6,1.59,2015,72.75,220,4.38,19,34.5,123,4.27,7
"67","Clay Fuller",14142,"WR","BAYLOR",10,13.1,2,65,NA,0,0,0,7.1,1,0,118,0,68.7,69,69.9,NA,69.4,0,0,0,28,0,0,111,0,13,92.8,103,92.8,103,96.7,20,0,7.2,8,194,70,5.4,14.9,1.88,2015,73,210,4.55,NA,NA,NA,NA,NA
"68","Tacoi Sumler",13854,"WR","APP STATE",12,8.2,3,72.2,NA,0,0,0,7.1,1,0,108,0,67.8,68.7,63.4,NA,62.5,0,0,1,32,0,0,125,0,13,92.8,116,48,60,109,18,2,52,65,142,64,4.9,10.9,1.22,2015,67.63,175,4.42,13,33,118,4.4,6.96
"69","Jackie Williams",39232,"WR","UCF",10,10.4,0,50,NA,0,0,0,12.5,1,0,323,0,56.4,19.4,52.2,NA,56.6,0,0,3,17,0,0,81,1,7,95.1,77,87.7,71,44.6,14,1,12.3,10,56,28,4,8,0.73,2015,69.63,190,4.59,17,39.5,129,4.34,6.58
"70","Christian Green",14392,"WR","FLORIDA ST",6,14.4,0,60,NA,0,0,0,25,2,0,167,0,33.8,66.2,53.8,NA,55.3,0,0,0,62,0,0,142,0,6,96.5,137,9.2,13,135.4,10,1,90.8,129,120,32,5.3,20,0.88,2015,72.75,196,4.54,16,34,122,4.45,7.04
"71","Matt Milton",14675,"WR","LOUISVILLE",11,16.9,0,42.9,NA,0,0,0,25,1,0,210,0,40.2,64.1,52.3,NA,52.4,0,0,0,45,0,0,115,0,3,98.3,113,3.5,4,88.4,7,0,96.5,111,85,37,12.3,28.3,0.75,2015,77.38,205,4.62,16,36,126,4.53,6.92
"72","Andre Debose",9654,"WR","FLORIDA",5,20,0,20,NA,0,0,0,50,1,0,163,0,24.5,66.3,43.5,NA,44.4,0,0,0,-3,0,0,17,0,1,100,17,23.5,4,39.6,5,0,76.5,13,-3,1,1,-3,-0.18,2015,71.63,190,4.49,12,37.5,123,4.09,6.93
"73","Andre Davis",18451,"WR","KANSAS ST",6,11.2,0,40,NA,0,0,0,33.3,1,0,199,0,31.6,62.9,57.3,NA,57,0,0,0,9,0,0,24,0,2,100,24,12.5,3,47.9,5,0,87.5,21,14,0,0,7,0.58,2015,72.88,207,4.55,NA,32,118,4.33,7.09
"74","Tajae Sharpe",10774,"WR","UMASS",12,11.4,9,63.3,NA,0,0,0,2.6,3,69,216,0,91.5,77.8,88.1,63.5,89.1,0.2,1,5,49,0.2,1,557,4,112,95.2,530,30.9,172,83.2,177,5,68.9,384,1307,330,2.9,11.7,2.47,2016,74,194,4.55,11,33.5,114,NA,NA
"75","Keyarris Garrett",11008,"WR","TULSA",13,15.5,21,59.6,NA,0,0,0,3,3,62,320,2,86.7,42.4,79.9,NA,80.6,0,0,4,50,0,0,589,3,96,93.5,551,5.3,31,99,161,8,94.7,558,1583,436,4.5,16.5,2.87,2015,75,206,4.64,14,36.5,128,4.33,7.3
"76","Keyarris Garrett",11008,"WR","TULSA",13,15.5,21,59.6,NA,0,0,0,3,3,62,320,2,86.7,42.4,79.9,NA,80.6,0,0,4,50,0,0,589,3,96,93.5,551,5.3,31,99,161,8,94.7,558,1583,436,4.5,16.5,2.87,2016,75.38,220,4.53,14,36.5,128,4.33,7.3
"77","Aaron Burbridge",10847,"WR","MICH STATE",14,12.2,7,58.2,NA,0,0,0,10.5,10,61,223,2,60.3,41.8,85.4,NA,85.7,0.2,1,2,56,0,0,466,2,85,94.6,441,18.5,86,96.8,146,7,81.1,378,1258,300,3.5,14.8,2.85,2016,72,206,4.56,20,30.5,115,4.31,7.22
"78","Daniel Braverman",10864,"WR","W MICHIGAN",13,7.7,24,78.5,NA,0,0,0,6.2,7,66,347,1,78.4,61.4,91.2,NA,91.4,0,0,3,68,0,0,459,0,106,95,436,96.3,442,131.8,135,13,3.7,17,1370,711,6.7,12.9,3.14,2016,69.88,175,4.53,10,28.5,112,4.16,6.88
"79","Tyler Boyd",10689,"WR","PITTSBURGH",12,9.1,6,71.8,NA,0,0,0,5.1,5,52,268,0,81.9,68.7,89.9,NA,90.3,0.3,1,5,51,0,0,361,3,94,95.8,346,45.4,164,91.1,131,6,51.2,185,940,418,4.4,10,2.72,2016,73.5,197,4.58,11,34,119,4.35,6.9
"80","Geronimo Allison",11141,"WR","ILLINOIS",12,11.6,6,51.2,NA,0,0,1,15.6,12,41,187,1,42.4,52,66.6,NA,65.6,0,0,3,53,0,0,517,3,65,95.9,496,12.2,63,71.6,127,3,87.8,454,879,319,4.9,13.5,1.77,2016,75.25,196,4.67,NA,33,127,4.28,7.4
"81","Nelson Spruce",11199,"WR","COLORADO",13,9.9,10,70.6,NA,0,0,0,4.3,4,60,143,0,88.4,76.5,82.3,NA,83,0.4,2,5,50,0,0,527,2,89,95.6,504,6.3,33,89.9,126,4,93.2,491,1056,312,3.5,11.9,2.1,2016,73.13,206,4.69,12,35,114,4.2,7.09
"82","Jakeem Grant",10820,"WR","TEXAS TECH",13,7.2,33,72.6,NA,0,0,1,9.1,9,46,315,1,69.6,66,80.9,NA,79.2,0,0,2,90,0,0,477,1,90,96,458,90.6,432,124.8,124,10,6.7,32,1253,870,9.7,13.9,2.74,2016,65.88,165,4.37,15,36.5,117,4.03,7.03
"83","Jordan Payton",10788,"WR","UCLA",13,12.8,16,63.4,NA,0,0,0,4.9,4,54,324,0,81.7,75.9,88.3,NA,86.2,0,0,4,59,0,0,505,1,78,94.7,478,4.2,21,92.6,123,5,95.8,484,1113,394,5.1,14.3,2.33,2016,73.13,207,4.47,NA,34.5,121,4.33,7.08
"84","Laquon Treadwell",10657,"WR","OLE MISS",13,11.2,17,67.2,NA,0,0,0,9.9,9,54,226,1,63.2,56.3,85.3,60.9,85.2,0.2,1,6,58,0.2,1,494,6,82,95.1,470,7.9,39,106.9,122,11,91.9,454,1148,442,5.4,14,2.44,2016,74,221,4.64,12,33,117,4.3,7.04
"85","Sterling Shepard",10674,"WR","OKLAHOMA",13,10.4,12,72.9,NA,0,0,0,4.4,4,64,261,0,83.4,76.4,91.5,65.9,90.8,0,0,1,74,0.4,2,469,1,86,95.5,448,71,333,135.9,118,11,29,136,1289,495,5.8,15,2.88,2016,70.25,194,4.48,20,41,123,4.35,7
"86","Corey Coleman",10649,"WR","BAYLOR",12,14.5,13,63.8,NA,0,0,0,11.9,10,51,118,0,56.9,79.5,90,61.1,90.4,0,0,3,81,0.3,1,367,3,74,93.2,342,26.7,98,133.1,116,20,71.9,264,1365,569,7.7,18.4,3.99,2016,70.63,194,4.4,17,40.5,129,NA,NA
"87","Mike Thomas",10840,"WR","SO MISS",13,14.2,8,62.8,NA,0,0,0,9,7,56,296,0,67.3,75.6,84.8,61,85.4,0,0,4,69,0.2,1,492,3,71,94.7,466,16.3,80,130.6,113,14,83.7,412,1392,508,7.2,19.6,2.99,2016,73.25,193,4.54,16,36,126,4.26,7.06
"88","Pharoh Cooper",10751,"WR","S CAROLINA",12,10.5,14,59.5,NA,0,0,0,7,5,37,289,0,73.3,61.9,76.7,NA,82,0,0,5,78,0,0,396,3,66,94.9,376,84.8,336,93.6,111,8,11.9,47,978,514,7.8,14.8,2.6,2016,71.13,203,4.65,15,31,115,4.26,7.15
"89","Hunter Sharp",11078,"WR","UTAH ST",11,12,11,64,NA,0,0,0,6.6,5,33,329,1,74.3,57.5,78.3,NA,79.8,1.2,4,3,49,0,0,339,1,71,95.6,324,17.4,59,102.6,111,9,79.4,269,839,372,5.2,11.8,2.59,2016,71.5,198,4.58,12,32.5,116,4.19,7.12
"90","Josh Doctson",10656,"WR","TCU",10,15.2,9,72.2,NA,0,0,0,7.1,6,62,305,0,77.4,76.3,92.9,NA,93,0,0,1,55,0,0,347,3,78,93.7,325,5.8,20,149.2,108,14,93.9,326,1327,310,4,17,4.08,2016,74,202,4.5,14,41,131,4.08,6.84
"91","Rashard Higgins",10806,"WR","COLO STATE",12,12.4,8,70.1,NA,0,0,0,3.8,3,58,144,0,84.6,75.8,91.3,NA,91.4,0.3,1,1,46,0,0,326,2,75,94.5,308,14.1,46,122.9,107,8,85.3,278,1062,349,4.7,14.2,3.45,2016,73.38,196,4.64,13,32,116,4.52,7.19
"92","D.J. Foster",11214,"WR","ARIZONA ST",13,7.8,13,54.7,NA,0,0,0,13.4,9,29,110,0,51.5,83.3,64.4,75.5,64.1,0.5,2,1,33,1.1,4,378,2,58,96.8,366,49.2,186,75.4,106,3,40.5,153,565,332,5.7,9.7,1.54,2016,70.25,193,4.57,14,35.5,117,4.07,6.75
"93","Mitch Mathews",11179,"WR","BYU",13,18.3,0,52.4,NA,0,0,0,8.5,5,36,128,0,68.2,74.3,70.8,NA,70.4,0,0,2,72,0,0,469,2,54,94.5,443,15.1,71,103.1,103,11,84.9,398,737,126,2.3,13.6,1.66,2016,77.63,222,4.49,12,36,129,4.25,6.99
"94","Devin Lucien",10859,"WR","ARIZONA ST",13,13,9,67.3,NA,0,0,0,4.3,3,48,110,1,77.9,52.3,82.3,NA,83.9,0,0,3,59,0,0,416,2,66,97.4,405,3.1,13,118.3,98,8,96.9,403,1074,365,5.5,16.3,2.65,2016,72.5,201,4.49,13,34.5,117,4.3,6.93
"95","Jaydon Mickens",11371,"WR","WASHINGTON",13,9.2,7,61.1,NA,0,0,0,13.4,9,37,340,0,52.6,76.3,74.8,61,75.2,0,0,4,43,0.3,1,374,0,58,96.5,361,73.3,274,72.7,95,2,23.5,88,691,278,4.8,11.9,1.91,2016,69.88,174,4.54,13,35.5,121,3.93,6.62
"96","Cayleb Jones",11075,"WR","ARIZONA",13,14.6,9,57.9,NA,0,0,0,11.3,7,38,109,0,58.1,74.3,71.4,NA,70.8,0,0,1,78,0,0,472,2,55,95.6,451,9.5,45,103.7,95,5,90.5,427,918,326,5.9,16.7,2.04,2016,74.63,209,4.65,9,33.5,112,4.14,6.99
"97","Malcolm Mitchell",10746,"WR","GEORGIA",13,13.4,13,61.7,NA,0,0,1,4.9,3,45,173,1,79.5,49.7,86.4,NA,87.4,0,0,3,44,0,0,331,4,58,97.9,324,8.2,27,96.3,94,5,91.8,304,865,285,4.9,14.9,2.67,2016,71.63,198,4.45,15,36,129,4.34,6.94
"98","Bralon Addison",11013,"WR","OREGON",13,10.7,13,69.2,NA,0,0,0,6,4,37,264,1,76.3,40.2,81.1,NA,79.6,0.5,2,1,48,0,0,385,4,63,95.6,368,67,258,128.6,91,10,31.2,120,804,342,5.4,12.8,2.18,2016,69.25,197,4.66,13,34.5,116,4.14,6.95
"99","Jamal Robinson",10900,"WR","LA LAFAYET",12,14.2,10,59.3,NA,0,0,0,6.9,4,32,207,1,72.6,47.4,77,NA,77.7,0.3,1,3,64,0,0,322,4,54,95,306,2.8,9,93.5,91,5,96.9,312,816,239,4.4,15.1,2.67,2015,75,205,4.57,NA,NA,NA,NA,NA
"100","Kenny Lawler",10877,"WR","CAL",13,12.1,3,59.8,NA,0,0,0,10.3,6,43,130,1,61.9,48.4,71.7,NA,71.9,0,0,5,52,0,0,417,2,52,94.7,395,1.2,5,99,87,13,98.8,412,658,179,3.4,12.7,1.67,2016,74.5,203,4.64,NA,31,111,4.2,7.13
"101","Quinshad Davis",11131,"WR","N CAROLINA",14,10.6,4,65.5,NA,0,0,0,3.5,2,38,245,0,83.4,74.2,79.6,NA,79.2,1.6,5,5,40,0,0,321,4,55,94.7,304,4.7,15,79.4,84,4,93.8,301,638,142,2.6,11.6,2.1,2016,75.38,218,4.69,17,31.5,113,4.35,7.07
"102","Michael Thomas",10681,"WR","OHIO STATE",13,11,13,67.5,NA,0,0,0,6.7,4,39,260,0,73.5,74.3,83.4,NA,83.4,0,0,0,50,0,0,320,1,56,96.3,308,6.3,20,133.7,83,9,93.8,300,781,271,4.8,13.9,2.54,2016,74.75,212,4.57,18,35,126,4.13,6.8
"103","Rashawn Scott",11211,"WR","MIAMI FL",13,11.5,5,62.7,NA,0,0,1,7.1,4,33,220,1,71.2,46.8,76.4,63.9,76.8,0,0,2,58,0.3,1,363,3,52,95.3,346,8.8,32,99.3,83,5,91.2,331,697,236,4.5,13.4,2.01,2016,72.88,199,4.54,17,32.5,116,4.33,6.88
"104","Ricardo Louis",10748,"WR","AUBURN",13,15.8,8,56.8,NA,0,0,0,11.5,6,28,115,1,56.8,27.5,76,63.9,80.8,0,0,1,56,0.5,1,212,1,46,96.2,204,11.3,24,93.5,81,3,88.7,188,717,198,4.3,15.6,3.51,2016,73.75,215,4.43,18,38,132,4.32,7.07
"105","Charone Peake",10875,"WR","CLEMSON",15,12.6,4,61.7,NA,0,0,0,9.1,5,31,140,0,65.9,73.9,72.1,NA,70.4,0,0,3,64,0,0,388,0,50,95.4,370,4.4,17,95.9,81,5,95.6,371,723,269,5.4,14.5,1.95,2016,74.38,209,4.45,12,35.5,122,4.46,6.96
"106","Chris Brown",11118,"WR","NOTRE DAME",13,11.7,4,60,NA,0,0,0,7.7,4,33,258,1,69.4,44.2,76.2,NA,76.3,0,0,2,38,0,0,300,1,48,96,288,18.3,55,89.4,80,4,81.7,245,597,230,4.8,12.4,2.07,2016,74,194,4.5,14,33.5,130,4.41,7.37
"107","Canaan Severin",10896,"WR","VIRGINIA",12,13.4,0,67.9,NA,0,0,0,5.4,3,38,335,0,78.4,74.3,80.6,NA,80.7,0,0,5,38,0,0,355,0,53,95.8,340,63.1,224,106,78,8,36.9,131,746,125,2.4,14.1,2.19,2016,74.13,212,NA,NA,NA,NA,NA,NA
"108","Demarcus Robinson",10760,"WR","FLORIDA",13,10.6,10,63.2,NA,0,0,0,9.4,5,30,163,1,64.5,45.9,68.5,NA,68.7,0,0,4,38,0,0,360,1,48,96.4,347,15.3,55,70.2,76,2,84.7,305,523,274,5.7,10.9,1.51,2016,73.38,203,4.59,9,34.5,123,4.19,6.77
"109","Bryce Treggs",11278,"WR","CAL",13,17.3,1,61.6,NA,0,0,0,15.1,8,35,130,0,48,73.6,71.1,NA,71.3,0.6,2,4,80,0,0,353,3,45,94.6,334,89.5,316,114.7,73,7,9.6,34,959,229,5.1,21.3,2.87,2016,71.38,190,4.39,16,34,122,4.19,7
"110","Alonzo Russell",11114,"WR","TOLEDO",12,14.4,2,50,NA,0,0,0,14.3,6,30,316,1,43.5,38.3,72.7,NA,69.8,0,0,1,51,0,0,328,2,36,96.3,316,17.4,57,97.2,72,5,82.6,271,624,170,4.7,17.3,1.97,2016,75.63,206,4.54,12,29.5,112,4.33,7.18
"111","Chris Moore",10741,"WR","CINCINNATI",12,19,8,54.2,NA,0,0,0,11.4,5,33,138,1,53.2,43,69.5,NA,70.2,0,0,3,68,0,0,363,1,39,93.9,341,8.8,32,109.4,72,7,91.2,331,815,225,5.8,20.9,2.39,2016,73,206,4.53,10,37,130,4.2,6.76
"112","Darius Powe",11251,"WR","CAL",13,9.4,8,69.1,NA,0,0,0,4.1,2,30,130,0,75.1,73.6,73,72.3,73.4,7.5,23,1,49,1.6,5,307,2,47,91.9,282,91.2,280,127.1,68,8,1,3,560,269,5.7,11.9,1.99,2016,74.88,220,4.49,17,34.5,120,4.29,6.94
"113","Herb Waters",11520,"WR","MIAMI FL",13,12.6,10,60.3,NA,0,0,0,14.6,7,21,220,0,48.4,74,59.3,NA,59.1,0,0,1,46,0,0,432,4,41,95.4,412,10,43,89.3,68,1,89.8,388,624,263,6.4,15.2,1.51,2016,71.75,188,4.51,14,38.5,121,4.1,6.73
"114","Durron Neal",11023,"WR","OKLAHOMA",13,8.4,12,67.7,NA,0,0,0,12,6,30,261,0,56.1,73.3,64.9,74.3,63.3,0.7,3,2,71,0.9,4,445,0,44,95.3,424,20.7,92,96.8,65,3,78.7,350,558,307,7,12.7,1.32,2016,71,194,4.54,13,32.5,121,4.46,7.22
"115","Jalin Marshall",11259,"WR","OHIO STATE",12,12.2,7,62.1,NA,0,0,0,10,4,24,260,2,61.7,23.7,64.3,NA,61.4,0,0,1,48,0,0,301,1,36,96.3,290,22.9,69,109.6,58,5,77.1,232,477,224,6.2,13.3,1.64,2016,70.5,200,4.6,16,37.5,125,4.13,6.8
"116","Leonte Carroo",10720,"WR","RUTGERS",8,14.6,7,68.4,NA,0,0,0,4.9,2,31,278,0,77.7,72.9,90.7,NA,90,0,0,4,58,0,0,201,0,39,96.5,194,7.5,15,121.5,57,10,92.5,186,808,266,6.8,20.7,4.16,2016,71.88,211,4.5,14,35.5,120,NA,NA
"117","Kolby Listenbee",10826,"WR","TCU",11,21.1,2,53.6,NA,0,0,1,6.3,2,21,305,0,72.2,72.1,67.5,66.5,68.9,0,0,3,60,0.3,1,325,2,30,94.5,307,3.1,10,98.6,56,5,96.6,314,597,110,3.7,19.9,1.94,2016,72,197,4.39,15,35.5,129,NA,NA
"118","Cody Core",10833,"WR","OLE MISS",13,12.4,5,66.1,NA,0,0,0,5.1,2,27,226,0,76.2,72.9,69.8,66.9,69.9,0,0,1,73,0.6,2,325,1,37,95.4,310,13.5,44,121.5,56,4,86.5,281,645,272,7.4,17.4,2.08,2016,74.63,205,4.47,14,31.5,119,4.34,6.78
"119","Brandon Smith",19372,"WR","TEXAS ST",12,9.8,4,61.1,NA,0,0,1,13.2,5,20,314,0,52.6,72.5,58.2,NA,58.1,0,0,3,65,0,0,361,4,33,96.1,347,14.7,53,75.2,54,2,85.3,308,428,228,6.9,13,1.23,2021,73.38,218,4.64,21,39,130,NA,NA
"120","Daje Johnson",11043,"WR","TEXAS",11,6.9,11,68.5,NA,0,0,0,14,6,22,311,1,49.6,44.5,66.2,NA,66.2,0,0,0,54,0,0,236,0,37,96.2,227,96.6,228,98.3,54,1,2.5,6,427,290,7.8,11.5,1.88,2016,68.38,184,4.48,18,38,122,NA,NA
"121","Trevor Davis",10797,"WR","CAL",13,10.5,6,75.5,NA,0,0,0,4.8,2,21,130,0,78.2,73.9,69.3,NA,70.1,0,0,1,75,0,0,286,1,40,94.1,269,3.5,10,121.8,53,2,96.5,276,671,387,9.7,16.8,2.49,2016,73.13,188,4.42,11,38.5,124,4.22,6.6
"122","Mekale McKay",10913,"WR","CINCINNATI",12,15.9,3,51,NA,0,0,0,13.3,4,21,138,0,53.5,71.3,63,NA,62.5,0,0,1,88,0,0,345,2,26,93,321,7.2,25,89.5,51,2,92.8,320,490,173,6.7,18.8,1.53,2016,75.63,207,4.55,12,35,123,4.63,7.08
"123","Malachi Jones",11045,"WR","APP STATE",13,15,6,54.5,NA,0,0,0,7.7,2,18,108,1,68.4,28.9,69.3,NA,68.1,0,0,2,45,0,0,206,0,24,93.2,192,4.9,10,92,44,3,95.1,196,429,143,6,17.9,2.23,2016,73.75,211,4.53,14,37.5,125,4.3,6.9
"124","Devon Cajuste",11270,"WR","STANFORD",13,13.8,1,65.9,NA,0,0,0,6.9,2,19,300,0,61.5,71.3,66.9,NA,66.1,0,0,0,42,0,0,249,3,27,93.6,233,51.8,129,120.1,41,3,48.2,120,381,101,3.7,14.1,1.64,2016,75.75,234,4.62,12,36,123,4.2,6.49
"125","Devonte Robinson",11158,"WR","UTAH ST",11,11.6,2,50,NA,0,0,0,16.7,4,11,329,0,44,72.2,62.5,64.8,63.1,0.5,1,0,51,0.5,1,195,0,20,94.4,184,13.8,27,94.4,40,2,84.6,165,326,181,9.1,16.3,1.77,2016,73.25,188,4.33,NA,38,128,4.38,7.33
"126","Braxton Miller",10719,"WR","OHIO STATE",13,11,8,68.4,NA,0,0,0,3.7,1,16,260,0,78.4,27.2,69,63.9,68.6,0.5,1,2,54,0.5,1,183,1,26,96.2,176,88,161,101,38,3,4.4,8,342,162,6.2,13.2,1.94,2016,73.38,201,4.5,17,35,123,4.07,6.65
"127","Brandon Shippen",11212,"WR","TEMPLE",14,10.5,2,55.6,NA,0,0,0,4.8,1,13,306,0,63.8,73,59.7,NA,57.9,0.4,1,0,49,0,0,271,0,20,94.1,255,84.9,230,91,36,1,14.4,39,288,105,5.3,14.4,1.13,2016,70.63,195,4.55,17,31.5,117,4.2,6.76
"128","Devin Fuller",10872,"WR","UCLA",10,10.6,4,75,NA,0,0,0,0,0,11,324,0,88,71.2,68.8,NA,67.9,0,0,2,21,0,0,177,0,24,94.4,167,10.7,19,103.5,32,3,87.6,155,259,81,3.4,10.8,1.55,2016,72,194,4.39,NA,36,124,4.07,7.03
"129","Johnny Holton",11354,"WR","CINCINNATI",8,18.6,4,56.3,NA,0,0,0,5.3,1,15,138,0,72.8,69.9,69.5,NA,70,0,0,2,78,0,0,178,2,18,93.3,166,7.3,13,114.6,32,5,92.7,165,478,192,10.7,26.6,2.88,2016,72.63,190,4.54,8,31.5,123,4.2,6.9
"130","Andre Davis",18451,"WR","KANSAS ST",8,12.9,3,50,NA,0,0,0,7.7,1,9,199,0,66.1,68.5,62.4,16.4,62.4,0.7,1,0,42,0.7,1,142,0,12,92.3,131,31.7,45,72.6,24,0,67.6,96,166,53,4.4,13.8,1.27,2015,72.88,207,4.55,NA,32,118,4.33,7.09
"131","Marcus Johnson",11074,"WR","TEXAS",10,13.5,7,50,NA,0,0,0,20,3,7,311,0,41.1,68.8,54.3,NA,54.6,0,0,3,47,0,0,187,3,12,96.3,180,39,73,40.3,24,1,60.4,113,128,79,6.6,10.7,0.71,2016,72.88,204,4.39,22,37,135,4.39,7.26
"132","Marquez North",11194,"WR","TENNESSEE",7,7.3,1,40,NA,0,0,0,0,0,4,307,0,77.5,66.2,56,NA,56.9,0,0,1,16,0,0,92,0,6,97.8,90,7.6,7,23.8,15,0,92.4,85,58,47,7.8,9.7,0.64,2016,74.5,223,4.48,17,35,123,4.13,6.9
"133","Byron Marshall",11076,"WR","OREGON",4,16.8,1,69.2,NA,0,0,0,10,1,7,264,0,61,67.5,67.8,NA,64.3,0,0,0,25,0,0,94,0,9,98.9,93,8.5,8,138.1,13,2,91.5,86,121,20,2.2,13.4,1.3,2016,69.38,201,4.56,17,29.5,111,4.19,6.99
"134","Joe Morrow",37913,"WR","MISS STATE",11,15.8,2,46.2,NA,0,0,0,25,2,5,227,0,25.6,66.7,57.5,NA,54.8,0,0,0,37,0,0,124,0,6,96.8,120,7.3,9,98.2,13,1,92.7,115,100,19,3.2,16.7,0.83,2016,75.63,211,NA,NA,NA,NA,NA,NA
"135","Damien Washington",19612,"WR","N CAROLINA",11,12.5,5,72.7,NA,0,0,0,0,0,7,245,0,79.3,67.1,70,NA,69.1,0,0,0,27,0,0,78,1,8,97.4,76,7.7,6,106.3,11,0,92.3,72,115,44,5.5,14.4,1.51,2016,71.88,190,4.47,16,35,122,4.31,6.82
"136","Justin Johnson",47079,"TE","MISS STATE",10,5.3,0,83.3,NA,0,0,0,0,0,3,227,0,76.3,65.7,58.6,45.3,60.8,61.4,43,0,12,21.4,15,70,1,5,78.6,55,34.3,24,134.7,6,1,1.4,1,41,19,3.8,8.2,0.75,2019,75,235,4.6,22,34,120,4.47,7.36
"137","Zay Jones",11792,"WR","E CAROLINA",12,8.5,24,73.1,NA,0,0,0,3.7,6,93,156,0,90.7,79.9,90.9,65.9,90.7,0.5,3,5,77,0.3,2,617,1,158,95.5,589,30.8,190,99.4,216,8,68.7,424,1744,790,5,11,2.96,2017,73.88,201,4.45,15,36.5,133,4.01,6.79
"138","Trent Taylor",11932,"WR","LA TECH",14,7.1,17,80.1,NA,0,0,0,2.8,4,81,208,2,91.7,51.2,87.1,NA,87.5,0,0,2,76,0,0,573,2,137,97,556,95.1,545,129.4,171,12,4.5,26,1816,1055,7.7,13.3,3.27,2017,67.63,181,4.63,13,33,117,4.01,6.74
"139","Noel Thomas",12191,"WR","UCONN",12,10.7,16,61.3,NA,0,0,0,6.5,7,56,146,2,72.4,51.5,79.9,NA,80.6,0,0,6,62,0,0,483,0,100,96.1,464,67.7,327,74.1,163,3,31.7,153,1179,544,5.4,11.8,2.54,2017,72.13,205,4.63,9,32.5,118,NA,NA
"140","Taywan Taylor",11827,"WR","W KENTUCKY",14,14.4,12,67.1,NA,0,0,0,7.5,8,60,346,2,72.2,45.6,90.1,NA,90.3,0,0,4,80,0,0,459,3,98,96.3,442,16.6,76,134.8,146,17,81.3,373,1730,665,6.8,17.7,3.91,2017,71,203,4.5,13,33.5,132,4.21,6.57
"141","Chad Hansen",11896,"WR","CAL",10,11.6,7,63.9,NA,0,0,0,4.2,4,53,130,0,81.4,76.8,85.8,60.5,85.5,0,0,2,70,0.2,1,427,1,92,93.4,399,2.6,11,111.1,144,11,97,414,1248,445,4.8,13.6,3.13,2017,73.75,202,4.53,11,35,119,4.13,6.74
"142","Amba Etta-Tawo",12034,"WR","SYRACUSE",12,12.6,12,65.7,NA,0,0,0,6,6,57,304,0,74.9,76.7,76.9,NA,79.2,0,0,6,81,0,0,624,5,94,95.2,594,17.1,107,115.1,143,14,82.9,517,1480,646,6.9,15.7,2.49,2017,73.25,208,4.49,14,31,126,4.32,6.95
"143","Mike Williams",11762,"WR","CLEMSON",15,12.7,22,69.5,NA,0,0,0,5.8,6,63,140,2,79.1,41.5,91.3,NA,91.2,0,0,5,50,0,0,431,2,98,94.2,406,5.6,24,111.3,141,11,94.4,407,1357,393,4,13.8,3.34,2017,75.75,218,4.54,15,32.5,121,NA,NA
"144","Kenny Golladay",11851,"WR","N ILLINOIS",12,13.3,8,61.7,NA,0,0,0,4.4,4,52,254,1,83.3,64.7,87.2,NA,85.2,0,0,1,49,0,0,409,2,87,96.3,394,7.1,29,103.6,141,8,92.4,378,1156,301,3.5,13.3,2.93,2017,75.75,218,4.5,18,35.5,120,4.15,7
"145","Keevan Lucas",47572,"WR","TULSA",13,13.5,12,59.9,NA,0,0,0,12.8,12,51,320,1,53.2,58.7,74.1,NA,74.8,0.2,1,6,74,0,0,491,4,82,94.9,466,96.5,474,106.2,137,15,3.1,15,1184,360,4.4,14.4,2.54,2017,69.13,192,4.55,11,32.5,119,4.43,7.23
"146","Isaiah Ford",11991,"WR","VA TECH",14,13.7,6,57.7,NA,0,0,0,8.1,7,57,337,0,70.3,77.3,79.5,NA,80.5,0,0,1,53,0,0,506,0,79,96,486,1.8,9,97.4,137,7,98.2,497,1094,325,4.1,13.8,2.25,2017,73.25,194,4.61,14,35.5,127,4.34,6.94
"147","Carlos Henderson",11837,"WR","LA TECH",13,15.2,48,59.9,NA,0,0,0,4.7,4,64,208,0,80.4,80.3,90.7,NA,90.4,0,0,7,83,0,0,444,4,82,97.1,431,4.7,21,116.8,137,19,95,422,1530,785,9.6,18.7,3.55,2017,70.75,199,4.46,13,36,131,4.35,7.18
"148","Corey Davis",11760,"WR","W MICHIGAN",14,11.2,16,72.1,NA,0,0,0,10.1,11,61,347,0,58.6,77.3,90.7,NA,90.3,0,0,2,70,0,0,442,1,98,95.9,424,28.3,125,141.9,136,19,71.7,317,1512,710,7.2,15.4,3.57,2017,74.75,209,NA,NA,NA,NA,4.28,NA
"149","Gabe Marks",12245,"WR","WASH STATE",13,10.7,4,68.5,NA,0,0,1,4.3,4,44,341,0,84.3,76.8,70,NA,69.8,0,0,1,53,0,0,567,2,89,94.4,535,12.3,70,117.9,130,13,86.9,493,894,319,3.6,10,1.67,2017,70.75,189,4.56,11,29.5,117,4.2,7.01
"150","Ryan Switzer",11888,"WR","N CAROLINA",13,8.1,9,77,NA,0,0,0,3,3,49,245,1,90,68.8,79.8,61.9,81.1,0,0,1,75,0.2,1,427,1,97,94.6,404,86.9,371,115.6,126,6,12.4,53,1114,556,5.7,11.5,2.76,2017,68.5,181,4.51,11,32,116,4,6.77
"151","John Ross",11764,"WR","WASHINGTON",14,12.2,18,65.9,NA,0,0,0,4.7,4,50,340,3,82.2,31.2,86.8,NA,85.8,0.3,1,1,70,0,0,392,3,81,95.4,374,10.5,41,131.7,123,17,89.3,350,1139,385,4.8,14.1,3.05,2017,70.75,188,4.22,NA,37,133,4.33,NA
"152","Robert Davis",11964,"WR","GA STATE",12,13,10,54.9,NA,0,0,0,4.3,3,41,175,1,82.1,51.8,74.5,NA,73.1,0,0,2,65,0,0,419,0,67,96.7,405,11.5,48,87.7,122,5,88.5,371,968,402,6,14.4,2.39,2017,74.75,219,4.44,19,41,136,4.28,6.82
"153","Josh Atkinson",48293,"WR","TULSA",13,11.7,8,65,NA,0,0,0,3.7,3,53,320,1,85.5,55.1,76,NA,77.2,0,0,3,64,0,0,486,1,78,94.7,460,1.4,7,104.8,120,8,98.6,479,1058,337,4.3,13.6,2.3,2017,72.25,200,4.74,12,33,115,4.39,7.03
"154","Fred Ross",12091,"WR","MISS STATE",13,10.7,4,61.5,NA,0,0,0,8.9,7,43,227,1,63.3,68.9,75.7,NA,75.2,0,0,3,60,0,0,421,0,72,93.6,394,52.5,221,109.5,117,12,47.3,199,917,348,4.8,12.7,2.33,2017,72.63,213,4.51,10,35,113,4.28,6.99
"155","JuJu Smith-Schuster",11817,"WR","USC",13,11.2,9,66.7,NA,0,0,0,5.4,4,40,326,0,78.4,76.2,71.6,NA,73,0.2,1,2,67,0,0,443,2,70,96.6,428,14.7,65,117.7,105,10,84,372,914,384,5.5,13.1,2.14,2017,73.25,215,4.54,15,32.5,120,5.01,6.93
"156","Dede Westbrook",11865,"WR","OKLAHOMA",13,11.4,20,76.9,NA,0,0,0,4.8,4,53,261,1,86.4,65.9,91.2,61,91.3,0.3,1,2,88,0.3,1,396,2,80,94.2,373,13.9,55,149.8,104,17,85.6,339,1518,778,9.7,19,4.07,2017,71.63,178,4.39,8,34.5,120,4.34,7.2
"157","Ishmael Zamora",12252,"WR","BAYLOR",10,9.2,8,60.6,NA,0,0,0,13.7,10,36,118,3,49,24.1,64.3,NA,63.9,0,0,1,81,0,0,415,2,63,94,390,4.6,19,106.6,104,8,95.2,395,809,401,6.4,12.8,2.07,2017,75.5,224,4.53,13,34,120,4.31,7.16
"158","Jerome Lane",26262,"WR","AKRON",12,15.2,7,60.2,NA,0,0,1,6.1,4,44,102,2,72.1,29.4,74,NA,73.4,0.2,1,6,91,0,0,446,4,62,92.2,411,2,9,88.5,103,6,97.8,436,1016,323,5.2,16.4,2.47,2017,74.13,226,4.6,16,35,125,4.12,6.87
"159","Amara Darboh",11861,"WR","MICHIGAN",13,14.9,7,56.4,NA,0,0,0,9.5,6,37,222,0,64.8,74.5,81,NA,78.9,0,0,1,46,0,0,363,1,57,97,352,9.1,33,103.7,101,7,90.9,330,862,312,5.5,15.1,2.45,2017,73.75,214,4.45,17,36,124,4.26,6.81
"160","Stacy Coley",11974,"WR","MIAMI FL",13,12.5,9,62.4,NA,0,0,0,7.4,5,33,220,0,76.5,74.8,69.9,NA,72.6,0,0,3,55,0,0,400,12,63,96,384,44.5,178,102.5,101,9,55.5,222,754,325,5.2,12,1.96,2017,72.13,195,4.45,10,34,122,4.39,7.19
"161","Zach Pascal",12303,"WR","DOMINION",13,13.8,6,64.4,NA,0,0,0,5.8,4,45,263,0,77,80.1,79.1,NA,79.3,0.3,1,1,53,0,0,372,2,65,94.1,350,49.5,184,120.3,101,9,47.8,178,946,270,4.2,14.6,2.7,2017,73.75,219,4.55,14,36,126,4.29,7.11
"162","Travis Rudolph",47997,"WR","FLORIDA ST",13,12.5,13,56,NA,0,0,1,6.7,4,38,167,0,74.1,74.4,71,NA,70.8,0.4,2,2,58,0,0,477,6,56,94.1,449,36.1,172,98.8,100,7,63.3,302,840,261,4.7,15,1.87,2017,72.25,189,4.65,12,31.5,114,4.46,6.93
"163","Rodney Adams",11925,"WR","USF",13,7,23,71.4,NA,0,0,0,4.1,3,28,327,5,78.7,20.4,76.2,NA,72.7,0,0,3,84,0,0,335,1,70,96.7,324,81.2,272,101.2,98,5,18.8,63,831,684,9.8,11.9,2.56,2017,73.25,189,4.44,8,29.5,125,4.28,6.98
"164","DeAngelo Yancey",11930,"WR","PURDUE",12,15.3,4,50.5,NA,0,0,0,5.8,3,37,273,0,75.9,73.8,64.1,NA,64.5,0.2,1,7,88,0,0,580,1,49,94,545,4.5,26,89.3,97,10,95.3,553,951,317,6.5,19.4,1.74,2017,73.63,220,4.53,21,35.5,121,4.27,6.84
"165","Drew Morgan",48073,"WR","ARKANSAS",13,9.2,12,68,NA,0,0,0,2.9,2,41,111,2,87.1,26.2,75.3,61,77.9,0.3,1,3,36,0.3,1,357,2,66,93.8,335,34.7,124,88.3,97,3,64.1,229,747,373,5.7,11.3,2.23,2017,71.75,190,4.74,10,30,112,4.12,6.85
"166","Artavis Scott",12044,"WR","CLEMSON",15,4.4,18,79.2,NA,0,0,0,6.2,5,37,140,1,77,70.4,67.2,NA,67.7,0,0,1,28,0,0,454,3,76,94.7,430,34.8,158,106.5,96,5,65,295,618,529,7,8.1,1.44,2017,70.25,193,4.61,13,31,116,4.49,7.19
"167","Josh Reynolds",11872,"WR","TEXAS A&M",13,14.7,4,64.9,NA,0,0,0,9,6,47,312,0,66.1,74.8,82.2,NA,83.4,0,0,4,92,0,0,466,0,61,95.5,445,3.6,17,124.1,94,12,96.4,449,1039,300,4.9,17,2.33,2017,74.75,194,4.52,NA,37,124,4.13,6.83
"168","Chris Godwin",11839,"WR","PENN STATE",14,15.5,9,64.1,NA,0,0,0,7.8,5,41,266,0,69.6,74.7,78.7,NA,76.6,0,0,1,72,0,0,445,1,59,95.5,425,1.6,7,135.1,92,11,98.4,438,982,266,4.5,16.6,2.31,2017,73,209,4.42,19,36,125,4,7.01
"169","R.J. Shelton",38941,"WR","MICH STATE",12,9.3,9,63.9,NA,0,0,0,3.6,2,30,223,0,83.8,80.4,77.7,64.4,78.5,0.3,1,2,86,0.3,1,365,0,53,92.9,339,65.5,239,104.9,83,5,34,124,789,443,8.4,14.9,2.33,2017,70.25,200,4.64,17,32,109,4.23,6.91
"170","Bug Howard",12125,"WR","N CAROLINA",13,15.1,2,65.4,NA,0,0,0,5.4,3,37,245,0,78,74.2,73.7,62.1,72,0,0,1,68,0.2,1,431,3,53,94.9,409,6.3,27,126.9,81,8,93.7,404,827,192,3.6,15.6,2.02,2017,75.63,221,4.58,15,37.5,119,4.14,6.95
"171","Darreus Rogers",12265,"WR","USC",13,11.2,11,71.8,NA,0,0,0,3.4,2,40,326,0,84.1,74.3,71,61,71.1,0.2,1,1,46,0.2,1,471,5,56,96.2,453,9.1,43,110.8,78,4,90.2,425,696,245,4.4,12.4,1.54,2017,72.63,216,4.9,8,26.5,112,4.54,7.22
"172","ArDarius Stewart",11834,"WR","ALABAMA",12,9.3,18,70.1,NA,0,0,0,6.9,4,29,103,1,73,56.4,76.3,63.9,73.3,2,7,5,71,0.3,1,342,2,54,95,325,21.9,75,113.8,77,8,73.7,252,845,569,10.5,15.6,2.6,2017,71.25,204,4.49,NA,34,124,4.21,NA
"173","Josh Malone",11883,"WR","TENNESSEE",13,15.9,7,67.6,NA,0,0,0,5.7,3,39,307,0,76.7,80,75,NA,75.7,0,0,1,67,0,0,411,3,50,97.1,399,10.7,44,144.4,74,11,89.3,367,972,292,5.8,19.4,2.44,2017,74.63,208,4.4,10,30.5,121,4.19,7.05
"174","Shelton Gibson",11921,"WR","W VIRGINIA",13,19.2,10,59.7,NA,0,0,0,8.5,4,28,343,0,66.6,77.3,70.6,NA,73.2,0,0,1,71,0,0,390,7,43,94.6,369,7.2,28,135.2,72,8,92.8,362,951,208,4.8,22.1,2.58,2017,71.13,191,4.5,8,32,118,4.2,6.83
"175","Jamari Staples",48206,"WR","LOUISVILLE",12,16,5,50,NA,0,0,0,12.2,5,29,210,0,55.1,72.4,64.2,NA,63.1,0,0,1,55,0,0,398,1,36,95.5,380,6.3,25,82.8,72,2,93.7,373,615,200,5.6,17.1,1.62,2017,75,195,4.51,NA,36,130,4.14,NA
"176","Quincy Adeboyejo",12085,"WR","OLE MISS",12,12.9,2,49.3,NA,0,0,0,12.5,5,22,226,0,54.3,72.3,60.6,NA,59.1,0,0,3,30,0,0,419,1,35,95.7,401,6.7,28,57,71,1,93.3,391,456,117,3.3,13,1.14,2017,74.75,197,4.42,8,34.5,123,4.14,6.73
"177","James Quick",12305,"WR","LOUISVILLE",13,16.1,3,66.2,NA,0,0,0,15.1,8,23,210,2,46.1,25.2,64.2,NA,62.5,0.6,2,2,72,0,0,346,2,45,96.5,334,43.1,149,121.5,68,6,56.4,195,769,224,5,17.1,2.3,2017,72.25,186,4.6,11,31,115,4.39,7
"178","Keon Hatcher",12249,"WR","ARKANSAS",12,13.4,7,65.7,NA,0,0,0,2.2,1,35,111,0,86.2,75.5,81.3,65.2,80.1,0.3,1,2,73,0.6,2,310,4,44,93.5,290,15.5,48,130.2,67,8,83.2,258,743,258,5.9,16.9,2.56,2017,73.25,212,4.64,16,NA,NA,4.28,NA
"179","Isaiah McKenzie",11927,"WR","GEORGIA",13,9.1,11,67.7,NA,0,0,1,13.7,7,28,173,0,49.9,85.8,79.5,NA,80.2,0,0,1,77,0,0,230,2,44,95.2,219,91.7,211,128.6,65,7,7.8,18,633,429,9.8,14.4,2.89,2017,67.25,173,4.42,11,36,123,4.15,6.64
"180","Malachi Dupre",12002,"WR","LSU",12,14.2,3,63.1,NA,0,0,0,6.8,3,26,211,0,71.6,73,79.2,67.7,80.1,1.2,3,3,63,0.4,1,243,1,41,95.5,232,67.5,164,88.8,65,3,31.3,76,593,164,4,14.5,2.56,2017,74.13,196,4.52,11,39.5,135,4.26,7.19
"181","Jehu Chesson",11894,"WR","MICHIGAN",13,13.9,1,56.5,NA,0,0,0,5.4,2,19,222,1,75.6,47.9,65,NA,65.2,1.4,4,3,40,0,0,291,3,35,97.3,283,25.8,75,73.3,62,2,72.2,210,500,113,3.2,14.3,1.77,2017,74.75,204,4.47,10,35.5,132,4.09,6.7
"182","Michael Rector",12189,"WR","STANFORD",13,18.3,0,54.2,NA,0,0,0,8.6,3,18,300,0,65.8,78.9,63.7,NA,62.5,0,0,3,44,0,0,301,3,32,94.7,285,16.6,50,69,59,3,83.4,251,367,68,2.1,11.5,1.29,2017,72.13,193,4.42,13,36.5,129,4.19,6.77
"183","Robert Wheelwright",47887,"WR","WISCONSIN",14,10.9,6,60.3,NA,0,0,0,10.3,4,24,349,0,61.1,72.3,66.9,NA,65.4,0,0,5,47,0,0,301,1,35,97.7,294,30.6,92,54.8,58,1,69.4,209,454,215,6.1,13,1.54,2017,73.88,205,4.6,15,38,128,4.14,6.68
"184","Jordan Westerkamp",47515,"WR","NEBRASKA",10,10.2,11,66.7,NA,0,0,0,0,0,27,238,0,90.7,74.1,85.6,NA,84.8,0,0,0,55,0,0,221,2,38,95.5,211,95,210,125.3,57,5,5,11,526,266,7,13.8,2.49,2017,71.25,194,NA,NA,NA,NA,NA,NA
"185","Tony Stevens",12143,"WR","AUBURN",11,14.1,4,58.5,NA,0,0,0,11.4,4,23,115,0,57.5,71.9,72,NA,70.5,1.3,3,2,48,0,0,232,1,31,96.6,224,15.1,35,92.3,53,3,83.6,194,487,165,5.3,15.7,2.17,2017,76,212,4.49,12,34.5,126,4.34,7.15
"186","Ricky Seals-Jones",12020,"WR","TEXAS A&M",11,10,6,49.1,NA,0,0,0,10.3,3,18,312,1,60.5,29.5,56.8,69.6,57.1,10.3,37,1,47,1.4,5,359,3,26,94.7,340,86.9,312,67.6,53,1,1.9,7,333,147,5.7,12.8,0.98,2017,76.63,243,4.69,17,28,121,4.33,7.46
"187","Kendall Sanders",47807,"WR","ARK STATE",13,12,3,73.1,NA,0,0,0,7.3,3,22,113,0,69.7,72.9,71.1,NA,70.6,0,0,2,75,0,0,241,0,38,97.5,235,12,29,130.8,52,7,87.6,211,553,309,8.1,14.6,2.35,2017,70.88,196,4.56,15,39,128,4.62,7.55
"188","Travin Dural",12219,"WR","LSU",11,14.3,6,54.9,NA,0,0,0,0,0,18,211,0,89.2,72.1,67.6,NA,68.1,0,0,0,21,0,0,244,1,28,97.1,237,12.3,30,77.2,51,1,86.9,212,280,76,2.7,10,1.18,2017,73,202,4.57,NA,30.5,116,4.55,7.29
"189","Jalen Williams",47734,"WR","UMASS",11,18.3,6,54,NA,0,0,0,15.6,5,20,216,1,49.4,31.2,67.1,71.5,66.7,2.1,6,2,74,1.8,5,280,1,27,92.9,260,21.1,59,113.3,50,6,76.8,215,520,146,5.4,19.3,2,2017,74.38,209,4.55,14,40.5,119,NA,NA
"190","Kermit Whitfield",12177,"WR","FLORIDA ST",13,8.9,4,68,NA,0,0,0,10.5,4,19,167,0,60.3,78,69,NA,66.4,0,0,1,28,0,0,278,0,34,96,267,80.2,223,90,50,1,19.4,54,395,206,6.1,11.6,1.48,2017,67.75,185,4.44,8,32.5,120,4.37,7.17
"191","Trey Griffey",12123,"WR","ARIZONA",12,15.1,8,46.9,NA,0,0,0,8,2,16,109,0,62.2,70.7,61,NA,59.3,0,0,1,42,0,0,374,1,23,93,348,4.8,18,78.8,49,2,95.2,356,382,128,5.6,16.6,1.1,2017,74.13,209,4.59,17,32.5,118,4.5,7.32
"192","Noah Brown",11993,"WR","OHIO STATE",13,12.6,8,65.3,NA,0,0,0,8.6,3,20,260,0,65.7,72,76.3,NA,74.1,0.4,1,0,37,0,0,258,3,32,93.8,242,13.2,34,130.3,49,7,86.4,223,402,98,3.1,12.6,1.66,2017,74,222,4.56,19,NA,NA,4.33,7.07
"193","Speedy Noil",12351,"WR","TEXAS A&M",10,13.1,6,43.8,NA,0,0,1,12.5,3,18,312,0,56.3,71.9,62.3,NA,60.8,0,0,1,48,0,0,272,2,21,96.3,262,9.2,25,72,48,2,90.8,247,325,152,7.2,15.5,1.24,2017,71.13,199,4.45,18,43.5,133,NA,NA
"194","Justin Hardee",18348,"WR","ILLINOIS",12,14,3,53.2,NA,0,0,0,10.7,3,11,187,0,59.7,71.5,58.7,54.4,56.7,0,0,1,37,0.3,1,286,1,25,95.1,272,3.1,9,65.4,47,0,96.9,277,314,116,4.6,12.6,1.15,2017,72.63,197,4.36,17,34.5,129,4.26,7.28
"195","Alonzo Moore",12140,"WR","NEBRASKA",11,14.6,0,48.8,NA,0,0,1,9.1,2,11,238,0,63.8,72.2,66.3,NA,66.5,0.6,1,2,63,0,0,168,4,20,93.5,157,7.7,13,76.8,41,2,91.7,154,375,147,7.4,18.8,2.39,2017,72.88,199,4.47,NA,32,119,4.17,6.79
"196","Ishmael Adams",48254,"WR","UCLA",10,10.4,7,57.1,NA,0,0,0,9.1,2,11,324,0,64.7,83.8,64,70.8,65.2,0,0,1,27,0.7,1,143,1,20,95.1,136,56.6,81,59.1,35,0,39.9,57,179,102,5.1,9,1.32,2017,67.88,186,4.5,15,27,111,4.25,7.03
"197","Ryan Timmons",47565,"WR","KENTUCKY",13,7.6,5,69.7,NA,0,0,0,4.2,1,16,202,0,76.7,71.2,64.8,64.7,63,0,0,1,32,0.5,1,203,3,23,96.1,195,96.1,195,81.1,33,0,3.9,8,266,158,6.9,11.6,1.36,2017,70,201,4.47,15,32,111,4.37,7.13
"198","Dontre Wilson",12046,"WR","OHIO STATE",12,8.6,5,84.4,NA,0,0,0,10,3,17,260,0,63.6,63.7,68,68.3,71.4,1.2,2,0,43,0.6,1,164,0,27,95.7,157,89.6,147,152.1,32,5,1.2,2,352,153,5.7,13,2.24,2017,70.13,183,4.58,NA,33,112,4.1,6.96
"199","Mack Hollins",11873,"WR","N CAROLINA",7,18,0,51.6,NA,0,0,0,5.9,1,11,245,0,70.9,69.5,65.2,NA,65.7,3.2,5,1,71,0,0,157,1,16,92.4,145,5.1,8,112.8,31,4,91.7,144,309,52,3.3,19.3,2.13,2017,75.75,221,4.53,NA,NA,NA,NA,NA
"200","Marcus Davis",47943,"WR","AUBURN",10,9.8,1,56.7,NA,0,0,0,26.1,6,5,115,0,24.6,79.9,53.3,NA,49.2,0,0,1,33,0,0,139,0,17,97.1,135,51.1,71,57.6,30,0,48.2,67,160,46,2.7,9.4,1.19,2017,69,179,4.53,NA,31.5,114,4.46,7.49
"201","Reggie Davis",48079,"WR","GEORGIA",12,16.8,0,40.9,NA,0,0,0,10,1,6,173,0,61,74.5,54.4,NA,55.3,0,0,0,32,0,0,157,1,9,97.5,153,5.1,8,57.2,22,0,94.9,149,111,45,5,12.3,0.73,2017,71.63,158,4.36,4,32,115,4.12,6.94
"202","Deante Gray",12033,"WR","TCU",10,10.3,0,45.5,NA,0,0,0,28.6,4,6,305,0,24.8,17.5,54.5,NA,55.1,0,0,3,39,0,0,114,1,10,97.4,111,88.6,101,22.9,22,0,8.8,10,119,29,2.9,11.9,1.07,2017,67.88,184,4.43,12,32.5,115,4.28,7.01
"203","Dwayne Stanford",47825,"WR","OREGON",5,13.9,1,76.5,NA,0,0,0,0,0,10,264,1,82.7,23.1,66.4,NA,66.6,0,0,1,33,0,0,98,2,13,98,96,11.2,11,103.8,17,1,86.7,85,175,61,4.7,13.5,1.82,2017,75.25,213,NA,17,NA,NA,NA,NA
"204","Ahmad Fulwood",12220,"WR","FLORIDA",13,17.1,2,53.8,NA,0,0,0,0,0,6,163,0,78.5,66.7,70.7,63.8,66.2,2.4,2,2,30,0,0,84,0,7,97.6,82,31,26,68.9,13,1,66.7,56,112,29,4.1,16,1.37,2017,76.13,202,4.51,NA,34.5,124,4.38,7.29
"205","Francis Owusu",47655,"WR","STANFORD",9,16.2,2,72.7,NA,0,0,0,0,0,2,300,1,80.1,19.1,63.3,NA,59.1,1,1,2,45,0,0,97,1,8,91.8,89,41.2,40,96.2,11,1,57.7,56,113,20,2.5,14.1,1.27,2017,74.5,221,4.37,12,39,127,4.13,7.07
"206","Corey Smith",47999,"WR","OHIO STATE",7,6,0,75,NA,0,0,0,0,0,1,260,0,77.5,17.6,57.2,NA,56.6,0,0,0,18,0,0,61,0,6,95.1,58,23,14,82.3,8,0,77,47,34,32,5.3,5.7,0.59,2017,72.25,183,4.71,NA,35,117,4.23,7.28
"207","Chris Thompson",12330,"WR","FLORIDA",3,16,0,0,NA,0,0,0,NA,0,0,163,0,NA,6.8,52.9,NA,53,0,0,0,0,0,0,14,0,0,71.4,10,14.3,2,39.6,1,0,85.7,12,0,0,NA,NA,0,2017,71.13,171,4.48,6,34.5,121,4.25,7
"208","Michael Gallup",26075,"WR","COLO STATE",13,12,20,61.3,54.3,19,35,0,7.4,8,65,144,0,76.7,77.1,91.3,NA,91.5,0,0,1,76,0,0,472,2,100,94.1,444,10.6,50,101.1,163,7,89.4,422,1413,657,6.6,14.1,3.18,2018,72.75,205,4.51,10,36,122,4.37,6.95
"209","Trey Quinn",38276,"WR","SMU",13,8.2,13,74,57.1,12,21,0,1.7,2,64,287,0,93.3,80,89.8,63.1,89.8,0,0,4,77,0.2,1,497,0,114,95,472,34,169,114.5,154,13,65.4,325,1236,552,4.8,10.8,2.62,2018,71.38,203,4.55,17,33.5,116,4.19,6.91
"210","Anthony Miller",48160,"WR","MEMPHIS",13,11.7,19,64,41.7,10,24,0,11.1,12,61,218,3,58.2,38.1,86.2,NA,88.6,1.3,6,2,89,0,0,448,5,96,94,421,37.1,166,130,150,18,61.2,274,1459,713,7.4,15.2,3.47,2018,71.13,201,4.5,22,39,125,4.26,6.65
"211","D.J. Moore",48267,"WR","MARYLAND",12,11.3,20,60.6,40.7,11,27,0,8,7,46,215,0,70.1,81.5,83.2,NA,81.4,0.5,2,3,52,0,0,391,0,80,93.4,365,19.4,76,95.9,132,8,78.8,308,1033,475,5.9,12.9,2.83,2018,72,210,4.42,15,39.5,132,4.07,6.95
"212","Deontay Burnett",47477,"WR","USC",14,10.5,14,66.2,50,8,16,0,3.4,3,51,326,1,87.5,57.5,83.3,NA,84.6,1.9,9,4,42,0,0,479,2,86,96.9,464,84.1,403,102.9,130,9,12.7,61,1106,500,5.8,12.9,2.38,2018,71.63,186,NA,NA,NA,NA,NA,NA
"213","Cedrick Wilson",48170,"WR","BOISE ST",14,14,10,63.8,68.4,13,19,0,6.7,6,58,120,0,75.4,78.8,88.9,NA,89.3,0.4,2,1,65,0,0,462,1,83,94.8,438,15.2,70,118.5,130,7,84.2,389,1511,583,7,18.2,3.45,2018,74.25,197,4.55,9,37,121,4.23,6.89
"214","Courtland Sutton",48164,"WR","SMU",13,14.6,13,53.5,46.4,13,28,0,6.8,5,47,287,0,69.3,75.5,78,NA,77.9,0,0,4,62,0,0,513,5,68,95.5,490,16.6,85,100.7,127,12,83.4,428,1085,358,5.3,16,2.21,2018,75.38,218,4.54,18,35.5,124,4.11,6.57
"215","Allen Lazard",48135,"WR","IOWA STATE",13,12,3,56.3,39.5,17,43,0,9,7,54,193,0,59.1,77.7,80.3,NA,79.6,0,0,1,36,0,0,496,3,71,95.2,472,14.9,74,103.3,126,10,85.1,422,941,265,3.7,13.3,1.99,2018,76.63,227,4.55,17,38,122,4.33,7.11
"216","Jaleel Scott",48097,"WR","NEW MEX ST",13,14.2,2,62.3,51.4,18,35,0,7.3,6,49,242,1,72.6,54.8,75.9,NA,75.4,0,0,3,41,0,0,598,3,76,96.8,579,12.4,74,105.2,122,9,87.6,524,1078,201,2.6,14.2,1.86,2018,76.75,218,4.56,16,34.5,124,4.4,7.2
"217","Keke Coutee",47698,"WR","TEXAS TECH",13,8.3,19,76.9,20,3,15,0,7.9,8,62,315,0,74.5,78.2,83.3,NA,85.8,0,0,1,77,0,0,486,4,93,95.1,462,94,457,139.4,121,10,5.3,26,1429,775,8.3,15.4,3.09,2018,69.75,181,4.43,14,34.5,113,4.15,6.93
"218","Simmie Cobbs",28580,"WR","INDIANA",12,11.2,13,60,42.1,16,38,0,11.1,9,42,190,2,59.4,32.5,66,62.1,66.6,0,0,3,35,0.2,1,584,3,72,93.5,546,9.9,58,92.9,120,8,90.1,526,836,195,2.7,11.6,1.53,2018,75.13,220,4.64,11,30,113,4.32,6.7
"219","James Washington",47792,"WR","OKLA STATE",13,18.9,7,61.7,48,12,25,0,6.3,5,55,262,1,76.1,55.2,85.7,NA,86.7,0,0,3,86,0,0,470,2,74,94.5,444,8.1,38,131.3,120,13,91.7,431,1546,407,5.5,20.9,3.48,2018,71,213,4.54,14,34.5,120,4.32,7.11
"220","Korey Robertson",47774,"WR","SO MISS",13,11.1,20,65,54.3,19,35,1,9.5,8,49,296,1,60.5,54.6,79,NA,80,0,0,2,70,0,0,452,4,76,95.4,431,2.9,13,122.3,117,12,97.1,439,1097,385,5.1,14.4,2.55,2018,72.63,212,4.56,13,34,123,4.4,7.55
"221","Christian Kirk",47546,"WR","TEXAS A&M",13,10.2,8,63.4,42.9,9,21,0,7.8,6,43,312,0,71.2,72.6,78.1,NA,79.2,0.7,3,2,81,0,0,422,2,71,94.8,400,93.8,396,111.4,112,10,2.8,12,919,381,5.4,12.9,2.3,2018,70.38,201,4.47,20,35.5,115,4.45,7.09
"222","Dylan Cantrell",47782,"WR","TEXAS TECH",13,9.8,12,63.4,44.4,16,36,0,4.1,3,51,315,0,79.3,75.8,71.1,23.8,72.2,1.9,11,3,42,0.3,2,576,4,71,94.8,546,17,98,94.9,112,7,80.7,465,815,342,4.8,11.5,1.49,2018,74.88,226,4.59,18,38.5,130,4.03,6.56
"223","Cam Phillips",47593,"WR","VA TECH",12,11.6,10,65.1,34.8,8,23,0,2.7,2,46,337,1,88.4,60.9,85.8,NA,86.1,0.3,1,2,45,0,0,340,1,71,95.3,324,17.9,61,107,109,7,81.8,278,964,338,4.8,13.6,2.98,2018,72.13,201,4.79,12,29.5,113,4.45,7.19
"224","Jordan Lasley",48202,"WR","UCLA",9,12.8,13,66.3,54.2,13,24,1,15.9,13,46,324,0,43.2,76.6,82.1,NA,83.4,0.2,1,3,59,0,0,417,3,69,96.2,401,10.6,44,124.8,104,9,89.2,372,1264,505,7.3,18.3,3.15,2018,73,203,4.5,8,34.5,112,4.19,7.27
"225","Dante Pettis",48113,"WR","WASHINGTON",13,11.3,6,63.3,47.4,9,19,0,4.6,3,38,340,2,81.2,66.9,81.4,NA,80.5,0.3,1,2,73,0,0,312,1,62,94.6,295,15.4,48,102.3,98,7,84,262,757,282,4.5,12.2,2.57,2018,72.5,186,NA,NA,NA,NA,NA,NA
"226","Calvin Ridley",48262,"WR","ALABAMA",14,11.7,2,64.9,18.8,3,16,1,10,7,42,103,0,63.3,75.4,77.9,NA,79.2,0,0,2,78,0,0,363,2,63,95.9,348,23.4,85,106.3,97,5,74.9,272,967,395,6.3,15.3,2.78,2018,72.5,189,4.43,15,31,110,4.41,6.88
"227","Marquez Valdes-Scantling",47809,"WR","USF",12,15.8,7,57,45,9,20,0,14.5,9,32,327,0,46.6,76.3,71.1,NA,69.7,0.3,1,1,95,0,0,395,3,53,95.9,379,24.8,98,105.8,93,6,74.9,296,875,325,6.1,16.5,2.31,2018,76,206,4.37,15,30.5,124,4.17,6.85
"228","Marcell Ateman",23670,"WR","OKLA STATE",13,15.6,5,66.7,55.2,16,29,0,4.8,3,49,262,1,79.8,50,89.3,NA,87.9,0,0,1,69,0,0,357,2,60,92.4,330,2.8,10,134.7,90,8,97.2,347,1160,336,5.6,19.3,3.52,2018,76.5,216,4.62,13,34,121,4.25,7.07
"229","Deon Cain",13597,"WR","CLEMSON",14,13.1,9,64.4,40,8,20,0,7.9,5,35,140,0,60.4,74.6,73.1,NA,74.7,0,0,2,61,0,0,370,3,58,95.7,354,3.5,13,102.7,90,6,96.5,357,734,215,3.7,12.7,2.07,2018,73.88,202,4.43,11,33.5,115,4.37,6.71
"230","Davon Grayson",38079,"WR","E CAROLINA",11,14,11,65.6,50,15,30,0,9.2,6,42,156,0,64.7,76.1,76.4,NA,76.4,0,0,3,75,0,0,428,3,59,92.5,396,5.4,23,106.1,90,6,94.4,404,886,307,5.2,15,2.24,2018,72.75,199,4.51,19,34.5,124,4.4,7.14
"231","Braxton Berrios",47961,"WR","MIAMI FL",13,10.9,8,65.5,70,7,10,0,6.8,4,35,220,0,74,87.8,71.8,NA,71.2,0,0,1,55,0,0,421,1,55,95.7,403,97.1,409,121.1,84,9,2.9,12,680,261,4.7,12.4,1.69,2018,68.63,184,4.44,11,36,110,4.18,6.72
"232","Devin Ross",47687,"WR","COLORADO",12,11.8,2,52.4,18.2,2,11,0,14,7,23,143,0,49.3,74.1,56.6,NA,56.6,0,0,5,37,0,0,432,0,43,96.3,416,99.3,429,54.3,82,2,0.5,2,508,219,5.1,11.8,1.22,2018,69.38,192,4.52,16,35,123,4.23,6.94
"233","Jester Weah",48162,"WR","PITTSBURGH",12,17.5,6,51.3,28,7,25,1,14.6,7,26,268,1,42.8,40.8,64.8,NA,64,0,0,2,74,0,0,375,2,41,97.3,365,8.5,32,87.4,80,4,91.5,343,698,209,5.1,17,1.91,2018,74.25,211,4.43,15,38,129,4.41,7.24
"234","Adonis Jennings",47991,"WR","TEMPLE",13,13.2,2,55.8,33.3,5,15,0,10.4,5,24,306,1,67.5,45.7,65.4,NA,65.1,0.8,3,3,74,0,0,389,3,43,95.6,372,7.5,29,103,77,7,91.8,357,745,188,4.4,17.3,2,2018,74.25,203,4.57,NA,31,116,4.31,7.06
"235","Trent Sherfield",48021,"WR","VANDERBILT",12,11.9,4,67.6,66.7,10,15,0,12.3,7,39,333,0,56.8,76.1,77.9,NA,77.4,0,0,5,38,0,0,336,0,50,93.5,314,12.5,42,93.8,74,5,87.5,294,729,208,4.2,14.6,2.32,2018,72.25,203,4.45,19,32.5,125,4.2,6.9
"236","Javon Wims",41406,"WR","GEORGIA",15,13.7,10,62.2,44,11,25,0,13.2,7,36,173,0,51.6,73.4,79.9,NA,78.2,0,0,2,38,0,0,297,1,46,94.9,282,17.2,51,114.9,74,7,82.8,246,724,163,3.5,15.7,2.57,2018,74.88,215,4.53,NA,33.5,113,4.53,7
"237","Keith Kirkwood",48017,"WR","TEMPLE",13,14.8,8,61.6,50,6,12,0,8.2,4,37,306,0,68.2,73.8,81.8,61,81.1,0,0,4,51,0.3,1,334,2,45,95.2,318,29.3,98,100.9,73,7,70.7,236,671,196,4.4,14.9,2.11,2018,74.5,221,4.45,NA,35,125,4.43,6.94
"238","Cameron Batson",47669,"WR","TEXAS TECH",13,5.1,4,81.9,57.1,4,7,0,4.8,3,20,315,3,79.5,38.2,61.7,72.5,60.6,0,0,1,30,0.2,1,436,3,59,94.7,413,92.4,403,112.2,72,5,7.1,31,487,319,5.4,8.3,1.18,2018,68.25,175,4.35,14,39,124,4,6.69
"239","Equanimeous St. Brown",47967,"WR","NOTRE DAME",13,15,5,46.5,37.5,6,16,0,8.3,3,23,258,0,67.4,72.2,71.1,61.9,69.6,0.3,1,4,75,0.3,1,319,1,33,95,303,21.3,68,66.3,71,4,78.4,250,515,152,4.6,15.6,1.7,2018,76.75,214,4.48,20,34.5,NA,NA,NA
"240","Garrett Johnson",47450,"WR","KENTUCKY",13,9.8,11,68.6,36.4,4,11,0,2,1,24,202,2,87.1,26.4,68.7,NA,68.1,0,0,2,64,0,0,286,0,48,93.4,267,86.7,248,88.8,70,2,12.9,37,537,332,6.9,11.2,2.01,2018,70.25,169,4.5,12,40,118,4.26,6.81
"241","Josh Stewart",48066,"WR","UTSA",11,12.1,3,56.5,40.9,9,22,0,11.4,5,25,331,1,59.3,73,65.9,NA,66.2,0,0,2,42,0,0,341,5,39,94.1,321,2.6,9,82.9,69,3,97.4,332,518,145,3.7,13.3,1.61,2014,69.88,178,4.69,11,35,116,4.33,7.1
"242","Brandon Powell",48036,"WR","FLORIDA",11,8,4,61.8,0,0,7,0,10.6,5,25,163,0,60.5,79.1,71.6,NA,71.4,1.2,3,1,31,0,0,255,2,42,97.6,249,89.8,229,87,68,3,9,23,406,196,4.7,9.7,1.63,2018,68,181,4.59,NA,32,115,4.15,6.88
"243","Auden Tate",48192,"WR","FLORIDA ST",12,13.4,4,59.7,66.7,12,18,0,4.8,2,28,167,0,77.6,72.9,75.7,NA,75.2,0.3,1,5,51,0,0,321,0,40,95.3,306,11.5,37,94.4,67,10,88.2,283,548,124,3.1,13.7,1.79,2018,76.88,228,4.68,NA,31,112,4.58,7.37
"244","John Diarse",47437,"WR","TCU",14,13.7,8,54.7,33.3,6,18,0,7.9,3,26,305,0,68.2,72.3,67,NA,65.9,0,0,2,67,0,0,402,2,35,96,386,3.2,13,87.6,64,3,96.8,389,574,216,6.2,16.4,1.49,2018,71.38,211,4.58,14,33.5,121,4.4,7.19
"245","Byron Pringle",42345,"WR","KANSAS ST",12,18.1,2,50.8,42.9,6,14,0,18.4,7,22,199,1,40.4,53.7,64.5,NA,63.4,0,0,4,60,0,0,279,3,31,91,254,4.7,13,97.8,61,6,95.3,266,701,142,4.6,22.6,2.76,2018,73.13,203,4.46,15,33.5,120,4.4,6.87
"246","Damion Ratley",48182,"WR","TEXAS A&M",13,17.1,6,55.6,40,4,10,0,6.3,2,24,312,0,72.7,71.9,68,NA,67.3,0,0,3,76,0,0,382,1,30,95,363,6.5,25,114.4,54,6,93.5,357,694,327,10.9,23.1,1.91,2018,73.75,196,4.39,12,38,124,4.23,6.92
"247","Ricky Jeune",47781,"WR","GA TECH",11,20.7,3,54.3,41.7,5,12,0,3.8,1,19,176,0,77.8,71.8,79.8,NA,82.8,0,0,0,80,0,0,172,0,25,93.6,161,3.5,6,136.3,46,6,95.3,164,545,142,5.7,21.8,3.39,2018,74.13,213,4.56,15,36,119,4.39,6.96
"248","Charles Nelson",47665,"WR","OREGON",10,8.9,2,71.1,20,1,5,0,5.9,2,15,264,0,74,79.9,67.6,NA,65,0,0,2,50,0,0,209,1,32,95.2,199,85.2,178,87.6,45,1,12.9,27,404,225,7,12.6,2.03,2018,68.13,176,4.57,16,31.5,114,4.35,7.06
"249","Donald Gray",48216,"WR","MISS STATE",8,11.7,1,55.8,38.1,8,21,0,14.3,4,11,227,0,51.4,78.9,60.1,NA,58.5,0,0,2,24,0,0,185,0,24,94.1,174,23.8,44,73.3,43,3,76.2,141,215,58,2.4,9,1.24,2018,69.63,204,4.62,16,32,118,4.41,7.12
"250","Armanti Foreman",48286,"WR","TEXAS",10,8.8,9,72.1,40,2,5,0,11.4,4,15,311,0,60.9,75.9,74.8,NA,75.2,0.6,1,1,33,0,0,181,1,31,94.5,171,95.6,173,110.6,43,4,1.7,3,280,162,5.2,9,1.64,2018,71.75,205,4.58,17,35,120,4.28,7.23
"251","Chris Lacy",29726,"WR","OKLA STATE",12,14.5,2,50,25,3,12,0,13,3,19,262,1,53.5,28.6,62.1,NA,63.1,0,0,1,32,0,0,189,2,20,96.3,182,3.7,7,60.8,40,0,96.3,182,264,64,3.2,13.2,1.45,2018,75,205,4.51,11,33.5,120,4.6,7.29
"252","Russell Gage",44771,"WR","LSU",13,12,0,53.8,33.3,2,6,1,8.7,2,14,211,0,65.7,61.3,67.9,NA,68.6,1,2,0,34,0,0,202,2,21,96,194,61.9,125,103,39,3,32.7,66,285,33,1.6,13.6,1.47,2018,72,186,4.5,15,39,122,4.25,7.03
"253","Austin Proehl",48223,"WR","N CAROLINA",6,11.4,3,65.6,33.3,2,6,1,0,0,18,245,0,86.3,75.6,71.4,NA,73.4,2.6,4,2,47,0,0,153,1,21,94.8,145,26.8,41,85,32,1,69.3,106,337,96,4.6,16,2.32,2018,69.13,182,NA,11,34,113,4.07,6.75
"254","Saeed Blacknall",48088,"WR","PENN STATE",13,15.3,7,53.1,33.3,1,3,0,5.6,1,14,266,0,71.9,69.7,59.9,NA,59.7,0,0,1,38,0,0,250,2,17,96.4,241,16.4,41,91.8,32,2,83.6,209,289,107,6.3,17,1.2,2018,74,208,4.37,24,32.5,127,4.19,6.77
"255","Josh Stewart",40195,"WR","TULSA",11,12.3,0,43.3,0,0,2,0,7.1,1,8,320,0,67.5,68.7,52.2,NA,50.2,0,0,0,31,0,0,271,2,13,93.4,253,2.2,6,60.7,30,0,97.8,265,162,77,5.9,12.5,0.64,2014,69.88,178,4.69,11,35,116,4.33,7.1
"256","Robert Foster",48230,"WR","ALABAMA",14,12.3,3,53.8,60,3,5,0,17.6,3,6,103,2,43.8,12,48.6,NA,47.4,0,0,0,52,0,0,240,0,14,95.4,229,2.5,6,87.3,26,1,97.5,234,172,145,10.4,12.3,0.75,2018,73.63,196,4.41,NA,31,116,4.2,6.9
"257","Cam Sims",47908,"WR","ALABAMA",14,12.3,4,56,28.6,2,7,0,6.7,1,12,103,0,68.7,69,61.1,NA,60.8,0.5,1,1,60,0,0,217,0,14,95.9,208,82.9,180,79.9,25,1,16.6,36,207,108,7.7,14.8,1,2018,75.63,212,4.59,NA,34,123,4.49,7.57
"258","Quadree Henderson",48008,"WR","PITTSBURGH",12,4.7,0,73.9,NA,0,0,0,5.6,1,6,268,0,71.9,72.3,62.5,NA,58.7,4.7,5,2,74,0,0,106,0,17,98.1,104,72.6,77,61.1,23,0,17.9,19,186,173,10.2,10.9,1.79,2018,68,192,4.5,12,32.5,120,4.28,6.89
"259","James Clark",48149,"WR","VA TECH",10,14,0,53.3,40,2,5,0,11.1,1,4,337,0,61,72.6,65.4,NA,62.6,0,0,0,34,0,0,104,0,8,94.2,98,16.3,17,72.1,15,0,83.7,87,92,33,4.1,11.5,0.94,2018,69,180,4.49,6,36.5,123,4.31,7.32
"260","Jordan Smallwood",47753,"WR","OKLAHOMA",13,3.5,2,90.9,NA,0,0,0,0,0,4,261,0,80.9,70.2,59.2,66.9,58.9,1.6,2,0,29,1.6,2,122,2,10,96.7,118,3.3,4,133.7,11,1,95.1,116,97,64,6.4,9.7,0.82,2018,74,219,4.53,21,39,130,4.26,6.95
"261","Taj Williams",48333,"WR","TCU",8,27.3,0,50,100,1,1,0,0,0,1,305,0,70.7,62.9,64,NA,63.3,0,0,0,26,0,0,21,0,2,95.2,20,4.8,1,117.7,4,1,95.2,20,33,7,3.5,16.5,1.65,2018,74.88,199,4.5,NA,34,124,4.44,7.05
"262","Thadd Smith",48041,"WR","BOSTON COL",13,19.8,1,25,NA,0,0,0,50,1,1,121,0,24.5,51.1,60.2,NA,51.9,0,0,0,42,0,0,54,1,1,100,54,38.9,21,110.4,4,1,57.4,31,42,24,24,42,0.78,2018,68.38,167,4.51,10,34,120,4.43,7
"263","Preston Williams",38855,"WR","COLO STATE",12,14,11,58.4,43.8,14,32,0,9.3,10,65,144,1,66,46.5,83.7,NA,84.3,0,0,6,69,0,0,539,4,97,94.2,508,13.2,71,97.4,166,14,86.8,468,1339,375,3.9,13.8,2.64,2019,76.25,211,4.61,NA,31.5,116,4.35,7.11
"264","Andy Isabella",47448,"WR","UMASS",12,12.1,18,69.2,36,9,25,0,5.6,6,67,216,1,81.3,73.9,93.2,NA,93.8,0.9,4,3,89,0,0,434,6,101,94.2,409,42.2,183,129.3,146,13,55.8,242,1696,737,7.3,16.8,4.15,2019,68.75,188,4.31,15,36.5,121,4.15,6.95
"265","John Ursua",26586,"WR","HAWAII",13,12.1,18,61.4,47.6,10,21,0,12.7,13,58,180,1,49.4,59.4,71.5,NA,71.7,0.2,1,2,80,0,0,606,3,89,95.2,577,96.2,583,122.9,145,16,3,18,1343,547,6.1,15.1,2.33,2019,69.13,178,4.56,17,37,120,4.16,6.77
"266","Tyre Brady",41818,"WR","MARSHALL",13,13.1,6,49.7,36,9,25,0,11.3,9,47,214,1,58.4,53.7,77.3,NA,77.4,0,0,5,50,0,0,475,3,71,95.8,455,12.4,59,78.8,143,9,87.6,416,992,313,4.4,14,2.18,2019,74.88,211,4.76,12,32,117,4.25,7.24
"267","Dillon Mitchell",42338,"WR","OREGON",13,14.6,16,57.7,27.8,10,36,0,9.6,8,51,264,1,63.9,57.3,80.8,NA,82.5,0,0,1,67,0,0,429,2,75,95.1,408,23.3,100,110.5,130,10,76.5,328,1184,386,5.1,15.8,2.9,2019,73.25,197,4.46,12,36.5,122,4.29,6.93
"268","KeeSean Johnson",39587,"WR","FRESNO ST",14,11.1,16,74.4,47.8,11,23,1,6.8,7,54,169,0,74.8,79.9,83.8,NA,84.9,0,0,2,45,0,0,454,3,96,96.7,439,30.4,138,121.8,129,8,69.6,316,1345,522,5.4,14,3.06,2019,73.13,201,4.6,14,30,117,4.23,7.28
"269","Antoine Wesley",39967,"WR","TEXAS TECH",12,12.1,12,69.3,53.6,15,28,0,2.2,2,55,315,0,91,76.4,83.8,NA,83.6,0,0,1,66,0,0,576,0,88,94.4,544,6.3,36,126.4,127,9,93.8,540,1408,628,7.1,16,2.59,2019,76.13,206,4.68,6,37,117,4.26,7.07
"270","Greg Dortch",42237,"WR","WAKE",12,8.2,12,70.6,36.8,7,19,0,4.3,4,50,339,0,88.1,74,84.9,NA,87.7,0,0,5,54,0,0,423,1,89,95.5,404,87.2,369,101.2,126,8,12.8,54,1078,481,5.4,12.1,2.67,2019,67.13,173,4.59,NA,33,109,4.08,6.89
"271","Jakobi Meyers",47468,"WR","NC STATE",12,9,12,76,77.3,17,22,0,3.2,3,48,248,0,91.4,77.6,82.5,76.2,86.2,1.7,7,4,39,0.5,2,414,3,92,95.4,395,94.9,393,98.8,121,4,2.4,10,1048,369,4,11.4,2.65,2019,73.63,203,4.63,13,37,118,4.23,7.07
"272","Lil'Jordan Humphrey",42247,"WR","TEXAS",14,9.2,28,71.7,66.7,16,24,0,6.5,6,54,311,1,75.6,64.4,82.6,76.2,83.6,0,0,4,47,0.4,2,495,3,86,94.7,469,91.1,451,113.8,120,9,8.5,42,1176,592,6.9,13.7,2.51,2019,75.63,210,4.75,13,33.5,119,4.29,7.09
"273","Kelvin Harmon",47931,"WR","NC STATE",12,15.1,5,69.2,56.7,17,30,1,4.7,4,55,248,0,81.7,75.9,83.5,62.1,84.4,0,0,1,74,0.2,1,439,3,81,95.4,419,3.6,16,118.4,117,7,96.4,423,1186,253,3.1,14.6,2.83,2019,74.13,221,4.6,18,32.5,117,4.32,7.15
"274","David Sills",34579,"WR","W VIRGINIA",12,14.3,9,55.6,36.7,11,30,0,9.7,7,43,343,1,59.6,60.7,72.6,NA,73.5,0,0,3,65,0,0,477,5,65,95,453,34.6,165,112.4,117,15,65.4,312,986,312,4.8,15.2,2.18,2019,75.25,211,4.57,14,37.5,117,4.28,6.97
"275","A.J. Brown",48327,"WR","OLE MISS",12,11.2,17,73,40,8,20,0,5.6,5,47,226,1,78.8,56.5,79.3,NA,80.4,0,0,4,84,0,0,456,5,84,95.2,434,58.6,267,113.2,115,6,40.4,184,1307,600,7.1,15.6,3.01,2019,72.5,226,4.49,19,36.5,120,4.25,7
"276","N'Keal Harry",48297,"WR","ARIZONA ST",12,10.4,17,64.6,51.4,19,37,0,6.4,5,48,110,1,75.4,65.6,86,NA,87.3,0.7,3,1,61,0,0,424,2,73,94.8,402,32.1,136,118.9,113,9,66.5,282,1088,515,7.1,14.9,2.71,2019,74.88,228,4.53,27,38.5,122,4.28,7.05
"277","Parris Campbell",47940,"WR","OHIO STATE",14,4.7,15,82,71.4,5,7,0,5.2,5,50,260,0,80.6,77.9,86,71,87.6,0.9,3,1,78,0.6,2,330,0,91,93.6,309,87.3,288,139.2,111,12,11.5,38,1071,809,8.9,11.8,3.47,2019,71.88,205,4.31,11,40,135,4.03,NA
"278","Travis Fulgham",48023,"WR","DOMINION",12,15.6,4,58.9,57.7,15,26,0,7.4,5,51,263,0,71.7,74.8,80.1,NA,79.3,0,0,5,62,0,0,519,1,63,94.8,492,11.2,58,101.9,107,9,88.8,461,1083,209,3.3,17.2,2.2,2019,74.38,215,4.58,15,36.5,126,4.22,6.84
"279","Jalen Hurd",45752,"WR","BAYLOR",12,10.6,12,65.1,22.2,4,18,1,11.5,9,53,118,0,56.5,83.5,76.8,21.9,76.9,0,0,3,38,0.8,4,475,6,69,94.9,451,95.6,454,94.3,106,4,3.2,15,946,358,5.2,13.7,2.1,2019,76.63,226,4.64,23,35.5,124,4.15,NA
"280","Hakeem Butler",47928,"WR","IOWA STATE",13,16.5,15,57.7,56.7,17,30,0,15.5,11,47,193,0,39.7,74.8,82.4,NA,82.9,0,0,3,83,0,0,430,4,60,93.7,403,27.4,118,119.1,104,9,72.6,312,1318,413,6.9,22,3.27,2019,77.63,227,4.48,18,36,128,4.16,7.09
"281","Flynn Nagel",48118,"WR","NWESTERN",13,8.2,10,66.3,50,10,20,0,6.8,5,37,256,0,74.4,76.6,73.9,NA,74.1,0,0,5,61,0,0,415,1,69,94.7,393,98.3,408,75,104,2,1.7,7,780,383,5.6,11.3,1.98,2019,71.25,188,4.73,11,28.5,102,4.21,6.95
"282","Marquise Brown",61568,"WR","OKLAHOMA",14,12.7,18,72.8,33.3,3,9,1,8.5,7,52,261,0,68.2,76.4,85,NA,87,0,0,3,77,0,0,387,3,75,95.6,370,23,89,135.1,103,10,75.2,291,1318,639,8.5,17.6,3.56,2019,69.38,166,NA,NA,NA,NA,NA,NA
"283","Miles Boykin",48209,"WR","NOTRE DAME",13,15.1,1,60.2,41.7,10,24,0,4.8,3,44,258,1,79.8,49.9,79,NA,77.7,0,0,3,40,0,0,454,1,59,95.8,435,14.8,67,103.6,98,8,85.2,387,867,206,3.5,14.7,1.99,2019,75.75,220,4.42,12,43.5,140,4.07,6.77
"284","Jovon Durante",47716,"WR","FAU",12,11.2,9,68.4,36.4,4,11,0,8.2,6,34,165,0,68.8,76.1,78,61,79,0.5,2,5,55,0.3,1,366,2,67,95.1,348,12.8,47,92.8,98,5,86.1,315,894,512,7.6,13.3,2.57,2019,71.13,160,4.55,NA,31.5,120,4.31,7
"285","Deebo Samuel",48274,"WR","S CAROLINA",12,8.7,21,63.3,47.6,10,21,1,6.1,4,36,289,0,80.7,78.5,83.3,NA,82.3,0,0,3,89,0,0,388,2,62,92.3,358,19.8,77,117,98,11,79.4,308,882,592,9.5,14.2,2.46,2019,71.25,214,4.48,15,39,122,4.14,7.03
"286","Anthony Johnson",41706,"WR","BUFFALO",13,17.9,13,59.4,64.3,9,14,0,5,3,38,126,0,79.1,74.4,83.4,NA,84.6,1.2,4,5,75,0,0,337,1,57,91.4,308,19.6,66,111.9,96,11,78.3,264,1011,280,4.9,17.7,3.28,2015,73.75,194,4.56,20,24.5,102,4.83,7.93
"287","Anthony Johnson",41706,"WR","BUFFALO",13,17.9,13,59.4,64.3,9,14,0,5,3,38,126,0,79.1,74.4,83.4,NA,84.6,1.2,4,5,75,0,0,337,1,57,91.4,308,19.6,66,111.9,96,11,78.3,264,1011,280,4.9,17.7,3.28,2019,73.88,209,4.55,18,32.5,122,NA,7.12
"288","Jamarius Way",61641,"WR","S ALABAMA",12,12.6,14,64.2,47.8,11,23,1,6.2,4,34,288,1,75.9,58.7,73.1,NA,76.2,0,0,4,73,0,0,361,9,61,92.8,335,3,11,103.7,95,8,97,350,856,385,6.3,14,2.56,2019,75.5,215,4.63,16,32.5,119,4.66,7.44
"289","J.J. Arcega-Whiteside",35014,"WR","STANFORD",12,14.9,7,67,62.9,22,35,0,6,4,49,300,0,76.6,74.8,90.3,NA,89.8,0,0,2,80,0,0,379,1,63,92.3,350,12.9,49,135.6,94,14,87.1,330,1059,252,4,16.8,3.03,2019,74,225,4.5,NA,34,119,4.41,7.23
"290","Tyron Johnson",34427,"WR","OKLA STATE",13,15.8,5,58.2,52,13,25,0,8.6,5,40,262,0,67.2,74.4,71,NA,69.7,0,0,2,64,0,0,531,2,53,94.9,504,6,32,105.8,91,7,94,499,845,227,4.3,15.9,1.68,2019,72.88,193,4.36,16,30,116,4.4,7.07
"291","Jalen Guyton",34164,"WR","N TEXAS",13,11.4,8,60,58.3,7,12,0,16.9,11,39,251,0,39.8,74.3,67.3,NA,67.3,0,0,2,75,0,0,471,1,54,94.7,446,3.2,15,102.3,90,6,96.8,456,805,236,4.4,14.9,1.8,2019,72.88,212,4.39,13,37.5,125,4.09,6.9
"292","Diontae Johnson",33441,"WR","TOLEDO",13,12.2,10,55.1,25,2,8,0,12.5,7,36,316,2,53.7,31.4,72.4,NA,71.8,0.3,1,1,80,0,0,354,2,49,93.5,331,30.2,107,108.9,89,8,68.6,243,761,414,8.4,15.5,2.3,2019,70.5,183,4.53,15,33.5,123,4.45,7.09
"293","Shun Brown",47608,"WR","ARIZONA",12,6.2,18,72.7,16.7,1,6,0,8.6,6,35,109,1,67.2,40,73.1,67.5,74.5,1.5,5,2,65,0.3,1,337,1,64,94.1,317,86.9,293,107,88,6,5.6,19,656,539,8.4,10.3,2.07,2019,68.25,185,4.72,NA,NA,114,4.3,7.06
"294","Jamal Custis",27418,"WR","SYRACUSE",13,15.6,4,56.8,34.8,8,23,1,3.8,2,34,304,0,83.7,74.3,68.4,NA,69.8,0,0,2,68,0,0,570,7,50,92.1,525,17.2,98,105.5,88,6,82.8,472,904,216,4.3,18.1,1.72,2019,76.13,214,4.5,NA,34.5,124,4.46,7.23
"295","Cody Thompson",48152,"WR","TOLEDO",13,15,5,55.2,23.5,4,17,0,5.9,3,38,316,0,70.8,78.7,72.4,67.2,73.1,0.5,2,4,38,0.5,2,428,1,48,93.2,399,28.5,122,98.2,87,10,70.6,302,647,156,3.3,13.5,1.62,2019,73.5,205,4.57,19,38.5,119,4.03,6.87
"296","Penny Hart",13534,"WR","GA STATE",12,11.7,6,56.3,50,7,14,0,10.9,6,29,175,0,55.7,82.8,69.4,NA,71.2,0,0,0,51,0,0,355,4,49,93.2,331,34.6,123,88.7,87,2,64.5,229,668,290,5.9,13.6,2.02,2019,68,180,4.63,18,33.5,111,4.75,7.64
"297","Anthony Ratliff-Williams",34629,"WR","N CAROLINA",11,16.6,7,48.8,29.6,8,27,0,10.6,5,28,245,1,60.6,60.5,68.5,62.1,69.3,0,0,2,51,0.3,1,353,6,42,96,339,4.8,17,74.3,86,2,94.6,334,691,197,4.7,16.5,2.04,2019,72.25,205,4.57,14,35,126,4.38,6.9
"298","Ryan Davis",48186,"WR","AUBURN",13,1.7,13,82.1,16.7,1,6,0,4.2,3,23,115,2,82.9,75.4,68.6,NA,67,0,0,2,47,0,0,333,0,69,96.1,320,46.2,154,87.8,84,1,50.5,168,546,481,7,7.9,1.71,2019,69.88,189,4.63,12,35,124,4.23,7.09
"299","Nyqwan Murray",26456,"WR","FLORIDA ST",12,11,10,65.1,38.5,5,13,0,3.6,2,33,167,1,84.1,50.6,74.8,NA,77.3,0,0,3,58,0,0,344,2,54,93.9,323,72.7,250,90.6,83,3,27,93,744,361,6.7,13.8,2.3,2019,70.25,193,4.63,8,34,113,4.4,7.2
"300","Marcus Green",47662,"WR","LA MONROE",12,9.9,8,61,18.2,2,11,0,13.8,8,29,209,2,50.1,54,71.4,NA,71.9,0,0,2,80,0,0,311,1,50,96.5,300,94.2,293,118.5,82,8,1.6,5,851,565,11.3,17,2.84,2019,67.88,190,4.41,14,37,124,4.41,6.88
"301","A.J. Richardson",47896,"WR","BOISE ST",13,11.7,7,70.1,61.1,11,18,0,0,0,35,120,0,92.5,74.1,75,73.1,76.5,2.8,12,1,74,0.5,2,423,1,54,96.7,409,32.2,136,134.4,77,8,65,275,825,298,5.5,15.3,2.02,2019,71.38,202,4.62,11,33.5,110,4.44,7.12
"302","Trenton Irwin",48080,"WR","STANFORD",12,9.7,10,78.9,50,8,16,0,0,0,33,300,2,93.3,46.7,74.7,NA,74.6,0,0,2,37,0,0,372,0,60,93.5,348,18,67,102,76,2,82,305,685,201,3.4,11.4,1.97,2019,73.5,204,NA,NA,NA,NA,NA,NA
"303","Olabisi Johnson",47882,"WR","COLO STATE",11,14.5,4,72,45.5,5,11,0,5.3,3,39,144,1,78.8,61.8,74.8,NA,75.8,0.2,1,3,58,0,0,426,3,54,93.7,399,22.1,94,107.4,75,4,77.5,330,796,212,3.9,14.7,1.99,2019,72.5,204,4.51,14,38,124,4.16,6.88
"304","Darius Slayton",25578,"WR","AUBURN",12,18.1,6,48.6,35.3,6,17,0,18.6,8,23,115,0,35.7,72.3,64.4,NA,64.2,0,0,1,74,0,0,385,1,35,95.6,368,16.1,62,98.7,72,5,83.9,323,670,259,7.4,19.1,1.82,2019,73,190,4.39,11,40.5,135,4.15,7
"305","Gary Jennings",48331,"WR","W VIRGINIA",11,13.4,8,75,68.8,11,16,0,10,6,40,343,0,63.1,76.9,81.4,NA,83.4,0,0,2,75,0,0,358,2,54,95.3,341,98,351,144.7,72,13,2,7,917,354,6.6,17,2.69,2019,73,214,4.42,20,37,127,4.15,7.32
"306","Jalen Greene",47819,"WR","UTAH ST",13,13.2,7,61.4,56.3,9,16,0,8.5,4,28,329,0,66.6,73.7,69.6,NA,67.9,0,0,1,80,0,0,340,1,43,95.3,324,9.4,32,116.8,70,6,90.6,308,687,252,5.9,16,2.12,2019,73.88,205,4.67,16,32,122,4.46,7.09
"307","Jaylen Smith",47846,"WR","LOUISVILLE",12,12.7,7,52.9,38.5,5,13,0,18.2,8,29,210,0,36.6,72.4,63.8,NA,64.6,0.8,3,4,42,0,0,360,4,36,97.2,350,25.8,93,60.3,68,1,73.3,264,550,231,6.4,15.3,1.57,2019,74.25,213,4.47,14,34.5,122,4.48,7.55
"308","Hunter Renfrow",47509,"WR","CLEMSON",15,9.5,7,74.2,66.7,6,9,0,2,1,30,140,0,87.4,74.3,71.9,NA,72.7,0,0,0,40,0,0,331,0,49,96.1,318,91.2,302,103.4,66,1,8.5,28,545,180,3.7,11.1,1.71,2019,70.5,180,4.59,7,35,116,4.19,6.8
"309","Johnnie Dixon",47912,"WR","OHIO STATE",14,13.8,3,66.7,14.3,1,7,0,6.7,3,28,260,1,72.1,51.9,64.9,NA,65.5,0.3,1,2,63,0,0,358,2,42,93.3,334,10.9,39,128.2,63,8,88.8,318,669,157,3.7,15.9,2,2019,70.38,201,4.41,16,37.5,120,4.43,7.38
"310","Dredrick Snelson",28927,"WR","UCF",12,13.6,0,70.5,69.2,9,13,0,12.2,6,30,323,0,55.5,76.2,68.4,NA,70.4,0,0,3,48,0,0,326,4,43,94.2,307,96,313,114.7,61,5,4,13,688,139,3.2,16,2.24,2019,71.38,189,4.55,10,30.5,116,4.39,7.27
"311","Riley Ridley",47933,"WR","GEORGIA",14,13.2,8,71.7,75,9,12,0,4.4,2,33,173,0,78.9,73.2,75.5,NA,76.3,0.3,1,1,35,0,0,322,4,43,96,309,8.7,28,133.3,60,9,91,293,559,146,3.4,13,1.81,2019,73.25,194,4.58,13,30.5,124,4.28,7.22
"312","Alex Bachman",47996,"WR","WAKE",12,14.9,3,61.7,53.8,7,13,0,5.1,2,26,339,0,76.7,76.8,67.6,NA,67.1,0,0,1,49,0,0,392,0,37,95.9,376,18.1,71,117.4,60,6,81.6,320,541,100,2.7,14.6,1.44,2019,71.38,195,4.47,17,33,127,4.28,6.71
"313","Felton Davis",48087,"WR","MICH STATE",7,11.9,6,52.5,53.8,7,13,0,11.4,4,25,223,0,58.6,72.7,73.9,NA,73.3,0,0,1,37,0,0,263,0,31,94.3,248,11.8,31,94.9,59,4,88.2,232,474,122,3.9,15.3,1.91,2019,75.5,211,NA,21,NA,NA,NA,NA
"314","Emanuel Hall",39533,"WR","MISSOURI",9,20.3,6,63.8,27.3,3,11,0,9.8,4,32,229,0,62.5,72.6,85.5,NA,85.4,0,0,0,67,0,0,215,0,37,93,200,5.6,12,141.8,58,6,94.4,203,828,232,6.3,22.4,4.14,2019,73.88,201,4.39,15,43.5,141,NA,NA
"315","Tony Ellison",34830,"WR","ARIZONA",12,16.7,4,50.9,15.4,2,13,1,9.4,3,21,109,0,49.3,71.7,64.2,NA,64.9,2.2,7,4,55,0,0,321,2,29,92.5,297,95.3,306,88.7,57,6,1.9,6,525,177,6.1,18.1,1.77,2019,71,181,4.68,2,30,123,4.2,6.77
"316","Moe Ways",84149,"WR","CAL",12,11.8,2,59.6,40,6,15,0,10.5,4,18,130,0,60.1,72.2,58.7,NA,57.7,0,0,4,41,0,0,362,0,34,95.9,347,6.1,22,56.4,57,1,93.9,340,383,121,3.6,11.3,1.1,2019,75.13,218,4.63,18,35,117,4.39,7.28
"317","Mecole Hardman",42683,"WR","GEORGIA",14,11.8,4,62.5,0,0,4,0,10.3,4,22,173,1,61.6,66.7,70.4,NA,72.2,0.4,1,1,59,0,0,233,1,35,96.6,225,85.8,200,126.7,56,7,13.3,31,543,292,8.3,15.5,2.41,2019,70.25,187,4.33,17,36.5,119,4.25,6.75
"318","DeAndre Thompkins",48211,"WR","PENN STATE",13,15.4,2,51,0,0,3,0,26.5,9,13,266,1,21.8,61,53.3,64.4,51.9,0,0,0,40,0.4,1,264,0,25,95.8,253,4.5,12,85.6,49,2,95.5,252,322,55,2.2,12.9,1.27,2019,71.25,192,4.34,13,34,126,4.26,7.02
"319","Terry McLaurin",48229,"WR","OHIO STATE",14,16.1,5,71.4,50,8,16,1,5.4,2,28,260,0,75.4,72.3,73.7,68.7,72.3,0.3,1,0,75,0.3,1,336,1,35,95.2,320,16.1,54,153.3,49,11,83.6,281,701,199,5.7,20,2.19,2019,72.13,208,4.35,18,37.5,125,4.15,7.01
"320","Jeff Smith",48055,"WR","BOSTON COL",12,17.1,2,41.7,14.3,1,7,0,31,9,12,121,0,17.9,76.8,59.1,63.6,56.4,0.9,2,3,71,0.4,1,233,1,20,94.4,220,23.6,55,83.9,48,6,75.5,176,387,157,7.9,19.4,1.76,2019,72,191,4.36,15,36.5,127,4.06,6.87
"321","Taivon Jacobs",28967,"WR","MARYLAND",12,11.9,0,53.2,57.1,4,7,0,10.7,3,13,215,0,60.5,84.4,63.7,NA,63.3,1.9,5,2,30,0,0,260,2,25,95,247,59.2,154,71.9,47,2,38.1,99,327,105,4.2,13.1,1.32,2019,69.75,170,4.64,13,39,123,NA,NA
"322","Juwann Winfree",38275,"WR","COLORADO",8,11.1,3,63.6,28.6,2,7,0,3.4,1,20,143,0,80.1,71.6,67.7,NA,65.9,0,0,1,33,0,0,283,1,28,94,266,38.2,108,91.5,44,2,61.8,175,324,123,4.4,11.6,1.22,2019,73.13,210,4.53,16,33,125,4.25,6.97
"323","D.K. Metcalf",47864,"WR","OLE MISS",7,14,3,61.9,45.5,5,11,0,10.3,3,17,226,0,62.5,71.5,71.9,NA,73.8,0,0,1,75,0,0,214,5,26,93.9,201,0,0,135.4,42,5,100,214,569,252,9.7,21.9,2.83,2019,75.38,228,4.33,27,40.5,134,4.5,7.38
"324","Brad Stewart",48348,"WR","GA TECH",13,18.9,0,44.1,27.3,3,11,0,6.3,1,10,176,0,70.1,80.6,70.9,72.9,69.7,0,0,0,37,3.9,6,154,0,15,90.3,139,1.3,2,101.1,34,3,93.5,144,268,8,0.5,17.9,1.93,2019,72.75,186,4.66,10,35,119,4.2,7.03
"325","Jaelan Austin",47777,"WR","TCU",12,14.8,0,51.5,55.6,5,9,0,0,0,10,305,1,84.7,25.4,52.5,NA,52.6,0,0,0,17,0,0,253,2,17,97.6,247,2,5,63.8,33,0,98,248,149,25,1.5,8.8,0.6,2019,71.75,194,NA,4,NA,NA,NA,NA
"326","Trevion Thompson",47596,"WR","CLEMSON",15,7.8,0,70,0,0,1,0,0,0,9,140,0,86.3,70.4,60.2,63.9,60.2,0,0,0,21,0.5,1,192,0,21,95.8,184,92.7,178,97.9,30,1,7.3,14,190,78,3.7,9,1.03,2019,74,197,4.52,NA,36,122,4.32,6.82
"327","Jerrod Heard",47635,"WR","TEXAS",14,11.9,0,52,25,2,8,0,7.1,1,5,311,0,67.5,69.5,56.6,NA,56.8,0,0,0,22,0,0,154,0,13,96.8,149,51.3,79,64.6,25,0,48.7,75,115,40,3.1,8.8,0.77,2019,73.13,201,4.55,19,34.5,116,4.44,7.16
"328","Raelon Singleton",47649,"WR","HOUSTON",10,17.6,1,56,33.3,4,12,0,12.5,2,10,182,0,55.7,69,66.8,NA,65.2,0,0,0,40,0,0,186,0,14,94.1,175,5.4,10,125.2,25,3,94.6,176,221,28,2,15.8,1.26,2019,74.88,208,4.54,NA,37.5,131,4.5,7.01
"329","Michiah Quick",44732,"WR","FRESNO ST",8,7.7,0,66.7,0,0,3,0,5.9,1,8,169,1,70.9,27.1,56.7,NA,57.5,0,0,2,18,0,0,147,1,16,98,144,89.8,132,61.8,24,1,10.2,15,144,64,4,9,1,2019,70.5,178,NA,NA,NA,NA,NA,NA
"330","Derek Kief",48249,"WR","ALABAMA",11,9,0,66.7,100,1,1,0,20,1,3,103,0,45.4,65,64.3,NA,62.6,0,0,0,17,0,0,33,0,4,93.9,31,12.1,4,124.3,6,1,87.9,29,39,16,4,9.8,1.26,2019,76.5,204,4.72,NA,35,125,4.32,7.07
"331","Jayson Stanley",48212,"WR","GEORGIA",10,24,0,25,33.3,1,3,0,0,0,1,173,0,66.7,68.9,63,NA,55,0,0,1,9,0,0,35,1,1,97.1,34,14.3,5,39.6,4,1,82.9,29,9,0,0,9,0.26,2019,73.63,209,4.46,12,35,126,4.34,7.14
"332","Tristan Payton",47840,"WR","UCF",7,4.7,0,66.7,NA,0,0,0,0,0,1,323,0,70.7,62.9,56.8,NA,56,0,0,0,8,0,0,31,0,2,87.1,27,0,0,75.7,3,0,100,31,13,7,3.5,6.5,0.48,2019,71.63,197,4.59,11,32.5,116,4.34,6.9
"333","James Proche",48037,"WR","SMU",13,10.1,11,67.5,46.5,20,43,1,2.7,3,62,287,1,91.3,72.6,86.3,NA,87.6,0,0,5,52,0,0,513,4,110,93.4,479,50.5,259,107.4,163,15,49.5,254,1219,475,4.3,11.1,2.54,2020,70.63,201,NA,20,34.5,NA,4.4,7.27
"334","Omar Bayless",25522,"WR","ARK STATE",13,14.2,13,66,45.2,14,31,0,7.9,8,68,113,1,71.2,59.2,88.2,65.5,89.6,0.2,1,5,92,0.2,1,569,6,93,93.1,530,6.2,35,130.7,141,17,93.7,533,1654,612,6.6,17.8,3.12,2020,72.75,212,4.62,11,36,123,4.5,7.35
"335","Antonio Gandy-Golden",39993,"WR","LIBERTY",13,15,16,57.2,45.9,17,37,0,2.5,2,61,206,0,85.6,75.9,89.4,55,89.4,0.4,2,4,73,0,0,499,0,79,95,474,10.4,52,104,138,10,89.2,445,1397,472,6,17.7,2.95,2020,76,223,4.6,22,36,127,4.55,7.33
"336","Justin Jefferson",61398,"WR","LSU",15,9.4,24,82.8,92.3,12,13,1,5.9,7,72,211,0,79.1,77.9,85.4,30.8,86.7,0.2,1,2,71,0.2,1,606,1,111,96.2,583,98.3,596,147.9,134,18,0.5,3,1540,714,6.4,13.9,2.64,2020,73.25,202,4.43,NA,37.5,126,NA,NA
"337","Devin Duvernay",40006,"WR","TEXAS",13,7.9,23,81.4,60,12,20,0,2.8,3,68,311,0,90.9,79.5,89.4,NA,89.5,0,0,3,75,0,0,494,1,105,93.9,464,98.6,487,125.2,129,9,1,5,1392,719,6.8,13.3,3,2020,70.5,200,4.39,NA,35.5,123,4.2,7.13
"338","Gabriel Davis",55410,"WR","UCF",12,16.5,10,56.3,36.7,11,30,0,6.5,5,49,323,0,74.8,75.4,79.4,NA,80.1,0,0,1,73,0,0,445,5,72,94.4,420,6.7,30,117.4,128,12,93,414,1241,334,4.6,17.2,2.95,2020,74,216,4.54,14,35,124,4.59,7.08
"339","Tyler Johnson",48054,"WR","MINNESOTA",13,11,10,73.1,66.7,16,24,0,6.5,6,60,225,2,76.2,39,91.5,NA,92.2,0,0,2,73,0,0,384,1,87,94.3,362,86.2,331,138.5,119,13,13.8,53,1317,464,5.3,15.1,3.64,2020,73.38,206,NA,NA,NA,NA,NA,NA
"340","Isaiah Hodgins",52130,"WR","OREGON ST",12,12.8,7,72.9,59.1,13,22,0,1.1,1,63,265,0,90.9,76.4,90.1,NA,89.8,0,0,0,42,0,0,449,1,86,96.4,433,4.5,20,140.4,118,13,95.5,429,1158,293,3.4,13.5,2.67,2020,75.63,210,4.61,9,36.5,124,4.12,7.01
"341","Denzel Mims",47800,"WR","BAYLOR",14,14.9,7,58.4,48.8,20,41,0,9.6,7,51,118,2,60.7,29.9,81.9,NA,82.8,0.2,1,1,46,0,0,457,1,66,94.1,430,4.6,21,119.9,113,12,95.2,435,1015,185,2.8,15.4,2.36,2020,74.88,207,4.38,16,38.5,131,4.43,6.66
"342","Chase Claypool",42312,"WR","NOTRE DAME",13,13,14,61.1,57.7,15,26,1,9.6,7,51,258,0,64,75.1,83.3,NA,82.3,0,0,2,47,0,0,440,1,66,95,418,15.5,68,124.9,108,13,84.5,372,1037,358,5.4,15.7,2.48,2020,76.25,238,4.42,19,40.5,126,NA,NA
"343","Jerry Jeudy",61103,"WR","ALABAMA",13,11.1,15,71.3,50,3,6,0,8.3,7,53,103,1,69.1,55.1,85.6,NA,86.8,0,0,2,85,0,0,370,4,77,95.1,352,58.1,215,129.5,108,10,41.4,153,1163,597,7.8,15.1,3.3,2020,73,193,4.45,NA,35,120,4.53,NA
"344","Bryan Edwards",28486,"WR","S CAROLINA",10,8.5,15,66.4,46.2,6,13,1,4.1,3,36,289,0,83.5,80.7,77.9,66.7,79.1,0,0,0,75,0.3,1,334,5,71,94.6,316,32.3,108,107.8,107,6,67.4,225,816,540,7.6,11.5,2.58,2020,74.75,212,NA,NA,NA,NA,NA,NA
"345","Trishton Jackson",41247,"WR","SYRACUSE",12,14.4,10,61.3,45,9,20,0,4.4,3,41,304,0,77.1,75,73.9,46.3,74.2,0.2,1,1,85,0,0,523,6,65,95.8,501,16.1,84,123.2,106,11,83.7,438,1001,369,5.7,15.4,2,2020,72.75,197,4.5,NA,36,117,NA,NA
"346","Cody White",61448,"WR","MICH STATE",13,11.4,11,63.5,56.5,13,23,1,4.3,3,47,223,1,83,43.3,75.6,NA,76.8,0,0,5,49,0,0,489,5,66,93.9,459,30.5,149,91.1,104,6,69.3,339,922,278,4.2,14,2.01,2020,75,215,4.66,NA,35.5,120,4.52,7.19
"347","Quez Watkins",61664,"WR","SO MISS",11,14.3,9,61.8,50,15,30,0,10,7,39,296,2,62.5,41.7,75.7,NA,76.1,0,0,5,77,0,0,404,0,63,95.8,387,28.7,116,100.6,102,6,71.3,288,1172,560,8.9,18.6,3.03,2020,72.13,185,4.35,NA,36.5,125,4.36,7.28
"348","Brandon Aiyuk",84109,"WR","ARIZONA ST",12,10.1,14,65.7,25,2,8,1,8.5,6,40,110,1,67.9,69.7,77.8,NA,79.2,0.5,2,0,86,0,0,411,4,65,95.4,392,16.8,69,133.9,99,8,82.7,340,1192,710,10.9,18.3,3.04,2020,71.63,205,4.5,11,40,128,NA,NA
"349","Quartney Davis",39931,"WR","TEXAS A&M",11,10.8,8,58.1,33.3,7,21,0,10,6,34,312,0,59,76.3,68.1,NA,69.7,0,0,3,29,0,0,407,1,54,93.4,380,78.6,320,79,93,4,21.4,87,616,263,4.9,11.4,1.62,2020,73.25,201,4.54,NA,35.5,NA,NA,NA
"350","Jauan Jennings",48027,"WR","TENNESSEE",13,11.4,30,64.1,48,12,25,1,6.3,4,43,307,1,72.3,56.6,88.9,NA,89.4,1.5,5,4,51,0,0,332,2,59,94.6,314,86.7,288,110.3,92,8,11.4,38,969,474,8,16.4,3.09,2020,75.13,215,4.72,NA,29,119,NA,NA
"351","K.J. Hamler",61590,"WR","PENN STATE",13,14.4,4,60.9,40,4,10,0,16.4,11,38,266,0,41.3,76.1,72.5,NA,71.6,0,0,3,58,0,0,383,0,56,95,364,89.3,342,109.1,92,8,10.4,40,904,375,6.7,16.1,2.48,2020,68.63,178,NA,15,NA,NA,NA,NA
"352","Quintez Cephus",29614,"WR","WISCONSIN",14,13.2,9,64.8,66.7,16,24,0,7.8,5,42,349,0,69.4,74.6,82.5,NA,84.1,0,0,3,52,0,0,299,4,59,97.3,291,29.4,88,109.3,91,7,70.6,211,901,278,4.7,15.3,3.1,2020,72.88,202,4.73,23,38.5,124,4.33,7.2
"353","Aaron Fuller",47537,"WR","WASHINGTON",12,11.3,3,64.8,30.8,4,13,2,10.6,7,34,340,1,60.5,70.1,72.7,62.1,72.8,0,0,3,37,0.3,1,357,4,59,95.2,340,29.4,105,96.5,91,6,70.6,252,702,258,4.4,11.9,2.06,2020,70.75,188,4.59,NA,34,118,NA,7.14
"354","Dezmon Patmon",48329,"WR","WASH STATE",13,10.1,7,65.6,40,8,20,1,10.6,7,40,341,1,59.8,49,72.7,NA,72.6,0,0,5,48,0,0,362,2,59,95.9,347,2.5,9,98.2,90,8,97.5,353,757,302,5.1,12.8,2.18,2020,76,228,4.48,15,36,132,4.38,7.28
"355","John Hightower",84142,"WR","BOISE ST",14,17.3,5,57.3,37.5,6,16,1,7.3,4,30,120,1,71.3,62.6,73.4,NA,73.2,0,0,2,76,0,0,400,2,51,95,380,9.3,37,114.6,89,8,90.5,362,943,340,6.7,18.5,2.48,2020,73.5,189,4.43,NA,38.5,122,4.21,7.07
"356","Darnell Mooney",48236,"WR","TULANE",13,14.6,9,53.4,57.9,11,19,0,14.5,8,33,319,0,46.9,73.9,72.5,NA,70.8,0.3,1,1,48,0,0,374,2,47,96.8,362,10.4,39,94.7,88,5,89.3,334,716,149,3.2,15.2,1.98,2020,70,176,4.38,9,37,124,NA,NA
"357","Jalen Reagor",61697,"WR","TCU",12,14.9,5,48.9,42.1,8,19,1,14,7,27,305,0,50.5,56.4,69.2,NA,67.1,0,0,4,55,0,0,427,2,43,96.3,411,10.5,45,71.7,88,5,88.1,376,611,165,3.8,14.2,1.49,2020,70.63,206,4.47,17,42,138,4.46,7.31
"358","Tee Higgins",61211,"WR","CLEMSON",15,15.7,12,67.8,55,11,20,0,9.2,6,48,140,0,65.7,74.9,90.5,NA,89.8,0,0,2,65,0,0,339,3,59,93.8,318,14.2,48,140.7,87,13,85.8,291,1167,341,5.8,19.8,3.67,2020,75.63,216,4.59,NA,31,10,4.53,NA
"359","K.J. Osborn",23503,"WR","MIAMI FL",13,11.1,6,61.7,43.5,10,23,0,7.4,4,32,220,0,70.7,53.7,64.5,NA,64.4,0,0,0,32,0,0,440,0,50,95,418,8.9,39,102.2,81,5,91.1,401,547,143,2.9,10.9,1.31,2020,72,206,4.48,18,37.5,123,4.35,7
"360","Kalija Lipscomb",29112,"WR","VANDERBILT",11,10.5,18,56.3,35.7,5,14,0,4.3,2,20,333,1,80.2,46.4,71,NA,70.5,0,0,5,49,0,0,314,1,45,95.9,301,16.2,51,61.1,80,3,83.8,263,493,244,5.4,11,1.64,2020,71.88,207,4.57,16,32,127,NA,NA
"361","K.J. Hill",28025,"WR","OHIO STATE",14,9.1,10,76,28.6,2,7,0,3.4,2,34,260,1,84,55.1,72,NA,72.6,0.3,1,1,53,0,0,379,0,57,94.7,359,96.3,365,134.8,75,10,3.4,13,636,243,4.3,11.2,1.77,2020,71.88,196,4.6,17,32.5,114,NA,NA
"362","Van Jefferson",47447,"WR","FLORIDA",13,10.3,3,71,50,5,10,0,7.5,4,32,163,0,70.9,74.1,70.4,62.1,71.1,0,0,2,69,0.3,1,362,0,49,90.9,329,30.1,109,117.8,69,6,69.9,253,657,266,5.4,13.4,2,2020,73.5,200,NA,NA,NA,NA,NA,NA
"363","Marquez Callaway",42295,"WR","TENNESSEE",13,19.8,2,51.7,58.8,10,17,1,9.1,3,25,307,0,65.3,82.3,69.5,NA,70.2,0.8,3,1,73,0,0,356,2,30,93.8,334,21.3,76,118.1,58,6,77.8,277,635,139,4.6,21.2,1.9,2020,73.25,205,4.55,NA,38,126,NA,NA
"364","Collin Johnson",47808,"WR","TEXAS",7,16.2,3,66.7,35.7,5,14,0,5,2,31,311,1,77.6,39.5,78.1,73.6,76.4,0.3,1,1,37,0.7,2,286,3,38,94.1,269,12.2,35,108.4,57,3,87.4,250,555,92,2.4,14.6,2.06,2020,77.63,222,NA,17,NA,NA,NA,NA
"365","Donovan Peoples-Jones",61439,"WR","MICHIGAN",11,11.9,4,57.9,36.4,4,11,1,10.8,4,24,222,0,61.6,43.6,70,NA,70.2,0,0,0,41,0,0,275,3,33,93.1,256,48.4,133,117.8,57,6,51.3,141,443,176,5.3,13.4,1.73,2020,73.63,212,4.48,NA,44.5,139,NA,NA
"366","Kendrick Rogers",41228,"WR","TEXAS A&M",13,12.4,8,54.5,54.5,6,11,0,9.1,3,17,312,1,56.4,31.2,59.4,NA,57,0,0,1,23,0,0,384,4,30,94,361,16.9,65,78.7,55,2,83.1,319,351,108,3.6,11.7,0.97,2020,76,204,4.51,17,35.5,124,4.48,7.13
"367","Freddie Swain",26448,"WR","FLORIDA",12,8.7,7,70.4,25,2,8,0,2.6,1,28,163,1,83.8,70,76.8,NA,76.3,0.4,1,4,64,0,0,238,1,38,93.3,222,92.9,221,109.3,54,7,6.7,16,517,286,7.5,13.6,2.33,2020,72,199,4.46,16,36.5,124,4.26,7.05
"368","Chris Finke",33014,"WR","NOTRE DAME",12,7.6,5,77.4,44.4,4,9,0,2.4,1,22,258,0,85.2,85,62.5,NA,62.8,0,0,2,54,0,0,404,0,41,95,384,62.4,252,111.8,53,4,37.6,152,456,189,4.6,11.1,1.19,2020,70,184,4.57,7,40,NA,NA,NA
"369","Stephen Guidry",84308,"WR","MISS STATE",12,15.3,11,56.6,36.4,4,11,0,11.8,4,22,227,2,57.4,20.8,65.5,NA,64.1,0,0,2,32,0,0,272,0,30,96,261,9.2,25,95.2,53,5,90.8,247,385,145,4.8,12.8,1.48,2020,76,200,4.47,NA,34,125,4.46,7.31
"370","Binjimen Victor",42198,"WR","OHIO STATE",14,15.7,10,68.6,75,6,8,0,7.9,3,28,260,0,67.8,72.3,75.7,NA,77.6,0,0,1,60,0,0,246,2,35,96.7,238,13,32,137.1,51,6,87,214,573,169,4.8,16.4,2.41,2020,75.75,198,4.6,9,35,128,NA,7.1
"371","Juwan Johnson",28305,"WR","OREGON",10,12,4,58.8,28.6,4,14,1,21.1,8,22,264,0,26.1,71.8,67.6,NA,63.8,0.4,1,1,53,0,0,229,1,30,95.6,219,11.8,27,107.2,51,4,87.8,201,467,176,5.9,15.6,2.13,2020,76,230,4.58,14,33,124,4.37,6.94
"372","Jeff Thomas",61425,"WR","MIAMI FL",10,12,5,70.5,28.6,2,7,1,0,0,18,220,1,89.5,60.1,72.3,67.5,71.2,1.6,4,0,39,0.8,2,247,2,31,94.7,234,21.1,52,119.4,44,3,77.3,191,379,180,5.8,12.2,1.62,2020,68.88,170,4.45,NA,36.5,125,NA,NA
"373","Lawrence Cager",34914,"WR","GEORGIA",9,13.7,2,82.5,85.7,12,14,0,2.9,1,23,173,0,83.1,72.4,83.8,NA,83.1,0,0,1,52,0,0,150,1,33,95.3,143,7.3,11,139.2,40,4,92.7,139,476,117,3.5,14.4,3.33,2020,76.75,220,NA,NA,NA,NA,NA,NA
"374","Austin Mack",28070,"WR","OHIO STATE",11,13.6,4,69.2,57.1,4,7,0,6.9,2,18,260,0,70.7,71.5,73.7,NA,73.1,0.5,1,0,38,0,0,191,2,27,93.7,179,12.6,24,124,39,3,86.4,165,361,69,2.6,13.4,2.02,2020,73.5,208,4.59,NA,31.5,117,4.42,NA
"375","Tyrie Cleveland",42134,"WR","FLORIDA",13,11,4,73.5,37.5,3,8,0,7.4,2,15,163,0,68.4,72.5,64.3,NA,64.4,0,0,0,36,0,0,201,0,25,95.5,192,26.9,54,116.2,34,1,73.1,147,351,123,4.9,14,1.83,2020,74,205,4.46,13,39.5,126,NA,NA
"376","Mike Williams",84327,"WR","NEBRASKA",12,15.5,0,62.5,50,1,2,0,16.7,1,4,238,0,50.3,65.7,51.6,NA,52,0,0,1,34,0,0,153,3,5,98,150,11.8,18,66.7,8,0,88.2,135,109,11,2.2,21.8,0.73,2017,75.75,218,4.54,15,32.5,121,NA,NA
"377","DeVonta Smith",61100,"WR","ALABAMA",13,10.7,10,80.7,47.8,11,23,0,2.5,3,84,103,0,86.9,82.9,94.9,NA,95.6,0,0,2,66,0,0,447,1,117,94.6,423,36.9,165,152.6,145,23,63.1,282,1856,953,8.1,15.9,4.39,2021,72.25,170,NA,NA,NA,131,NA,NA
"378","Jaelon Darden",61522,"WR","N TEXAS",9,12.9,23,66.1,0,0,9,0,8.6,7,46,251,0,67.3,78.1,89.8,NA,89.9,0,0,4,75,0,0,283,1,74,97.5,276,85.9,243,126.1,112,19,14.1,40,1190,571,7.7,16.1,4.31,2021,67.63,174,4.46,11,35.5,122,4.1,6.67
"379","Marlon Williams",55411,"WR","UCF",8,10.8,22,68.3,21.4,3,14,0,5.3,4,46,323,0,79.9,77.2,87.4,NA,88.6,0,0,2,85,0,0,355,2,71,93.5,332,94.4,335,124.6,104,10,5.4,19,1037,444,6.3,14.6,3.12,2021,71.25,209,4.66,14,33.5,119,4.57,NA
"380","Elijah Moore",84302,"WR","OLE MISS",8,10.9,18,85.1,73.3,11,15,0,2.3,2,55,226,0,90.9,81.8,91.2,67.9,92.4,0.3,1,4,91,0.3,1,337,3,86,92,310,79.8,269,125.8,101,8,15.7,53,1193,505,5.9,13.9,3.85,2021,69.5,178,4.35,17,36,121,4,6.67
"381","Seth Williams",84137,"WR","AUBURN",11,13.8,14,47,30,9,30,0,14.5,8,34,115,1,47.7,44.2,69.8,NA,69.6,0,0,3,58,0,0,388,2,47,95.4,370,26.5,103,73.7,100,4,73.5,285,759,258,5.5,16.1,2.05,2021,75,211,4.49,12,37,124,4.43,7.2
"382","Amari Rodgers",61212,"WR","CLEMSON",12,7.6,17,77.8,14.3,1,7,0,7.2,6,42,140,1,73.7,57.2,79.1,NA,80,0.5,2,2,83,0,0,409,2,77,95.6,391,86.3,353,124.7,99,7,13.2,54,1020,613,8,13.2,2.61,2021,69.5,212,4.52,19,33,121,4.31,7.07
"383","Tylan Wallace",61577,"WR","OKLA STATE",9,14.8,9,64.1,56.5,13,23,1,6.3,4,44,262,0,75,75.1,86.1,NA,86.2,0,0,5,55,0,0,298,3,59,95,283,12.8,38,96.4,92,6,87.2,260,922,296,5,15.6,3.26,2021,71.38,194,4.5,11,33,112,4.25,6.97
"384","Whop Philyor",61320,"WR","INDIANA",8,9.2,12,60.7,80,8,10,0,5.3,3,26,190,1,78.3,48.5,69.7,62.1,71.5,0,0,1,63,0.3,1,316,3,54,92.4,292,79.4,251,82.2,89,3,19.9,63,491,227,4.2,9.1,1.68,2021,69.63,184,4.58,14,31,120,4.38,7.2
"385","Shi Smith",61643,"WR","S CAROLINA",9,7.5,8,67.9,21.4,3,14,0,9.5,6,35,289,0,63.5,77,78,60.9,80.8,0.4,1,1,36,0.4,1,258,1,57,94.6,244,71.3,184,100.9,84,4,26.7,69,633,353,6.2,11.1,2.59,2021,69.5,186,4.46,NA,36,123,4.22,6.79
"386","Kadarius Toney",61245,"WR","FLORIDA",11,7.7,20,83.3,42.9,3,7,0,2.8,2,45,163,1,87.5,72.6,84.2,NA,84.8,0.3,1,3,57,0,0,397,1,70,94,373,86.4,343,139.8,84,10,10.3,41,977,477,6.8,14,2.62,2021,71.63,193,4.38,9,39.5,136,4.23,6.88
"387","Cornell Powell",40689,"WR","CLEMSON",12,13.2,8,67.9,41.2,7,17,0,3.6,2,35,140,0,77.2,74.2,75.1,NA,74.1,0,0,2,70,0,0,412,5,53,96.4,397,6.8,28,125.1,78,7,93.2,384,882,315,5.9,16.6,2.22,2021,72.25,204,4.53,16,36.5,128,4.21,7.03
"388","Dez Fitzpatrick",42349,"WR","LOUISVILLE",11,14.1,9,58.9,41.7,5,12,0,10.4,5,33,210,1,61.3,42,74.7,60.9,76,0,0,3,82,0.3,1,350,3,43,95.4,334,5.4,19,95.2,73,3,94.6,331,831,379,8.8,19.3,2.49,2021,73.75,208,4.49,NA,35,100,4.25,7.06
"389","Tutu Atwell",77965,"WR","LOUISVILLE",9,11.6,4,64.8,45.5,5,11,0,4.2,2,27,210,1,80.7,45.4,77.1,NA,76.6,0,0,4,66,0,0,268,0,46,95.5,256,81.7,219,102.1,71,7,17.9,48,625,287,6.2,13.6,2.44,2021,68.88,155,4.39,NA,33,117,4.09,6.87
"390","Kawaan Baker",61639,"WR","S ALABAMA",10,8.1,16,72.9,50,9,18,0,7.3,4,25,288,0,71.2,62.1,75,NA,74.6,0,0,1,80,0,0,364,0,51,94.2,343,73.1,266,134.2,70,8,26.9,98,659,355,7,12.9,1.92,2021,72.5,210,4.45,21,39.5,129,4.41,7.42
"391","Dazz Newsome",61510,"WR","N CAROLINA",12,9,14,78.3,80,4,5,0,6.9,4,32,245,0,72.8,85.5,73.2,NA,73.2,0.3,1,0,75,0,0,388,2,54,94.8,368,98.5,382,137,69,6,0.8,3,684,359,6.6,12.7,1.86,2021,70.13,190,4.59,12,34,121,4.39,7.39
"392","Blake Proehl",61224,"WR","E CAROLINA",9,11.2,2,72.3,52.6,10,19,0,2.1,1,25,156,0,86.8,73.5,74,NA,74,0,0,2,75,0,0,280,0,47,93.2,261,6.8,19,107,65,4,93.2,261,577,168,3.6,12.3,2.21,2021,73.88,186,4.47,12,36,126,4.2,7
"393","Dillon Stoner",48304,"WR","OKLA STATE",11,10.9,2,64.6,46.7,7,15,0,2.3,1,20,262,0,85.2,87.4,69,NA,67.9,0,0,1,75,0,0,286,0,42,95.5,273,48.3,138,106.8,65,4,51.7,148,573,206,4.9,13.6,2.1,2021,72.13,194,4.57,16,37,123,4.18,6.95
"394","Terrell Jana",62782,"WR","VIRGINIA",10,11,4,56.3,50,3,6,1,10,4,21,335,0,63.1,72.9,62.7,60.5,61.9,0.3,1,4,49,0.3,1,356,1,36,94.4,336,68,242,55.7,64,1,31.2,111,423,145,4,11.8,1.26,2021,71.13,195,4.69,17,32,110,4.13,7.05
"395","Osirus Mitchell",42344,"WR","MISS STATE",11,8.8,9,75.8,40,4,10,0,4.1,2,25,227,0,80.7,73.5,63.7,NA,63.2,0,0,4,43,0,0,345,0,47,97.4,336,6.1,21,93.8,62,4,93.9,324,505,227,4.8,10.7,1.5,2021,77,206,4.61,12,35.5,128,4.34,7.12
"396","Josh Palmer",62979,"WR","TENNESSEE",10,17.1,2,53.3,42.1,8,19,0,5.9,2,23,307,0,73.4,72,70.7,63.6,71.9,0,0,3,36,0.4,1,285,2,32,94.4,269,23.5,67,80.9,60,4,76.1,217,475,62,1.9,14.8,1.77,2021,73.25,210,4.52,NA,34,124,4.24,6.98
"397","Trevon Grimes",61565,"WR","FLORIDA",11,13.5,5,64.4,33.3,6,18,0,5,2,28,163,0,77.6,73.2,70.8,NA,70.7,0.3,1,0,50,0,0,334,1,38,94,314,24.6,82,136.9,59,9,75.1,251,589,203,5.3,15.5,1.88,2021,76,220,4.5,15,35,118,4.26,7
"398","Bailey Gaither",47904,"WR","S JOSE ST",7,13.5,2,70.7,33.3,2,6,0,6.8,3,23,285,0,71.5,79.7,78,NA,77.5,0,0,1,69,0,0,246,1,41,93.9,231,6.5,16,128.9,58,4,93.5,230,725,270,6.6,17.7,3.14,2021,72,188,4.48,9,31,121,4.39,7.07
"399","Amon-Ra St. Brown",84470,"WR","USC",6,10.9,3,71.9,57.1,8,14,0,8.9,4,28,326,0,66,77.6,71.7,NA,73,0.4,1,2,48,0,0,273,2,41,94.5,258,34.8,95,121.9,57,7,64.5,176,478,163,4,11.7,1.85,2021,71.5,197,4.61,20,38.5,127,4.26,6.9
"400","Branden Mack",39902,"WR","TEMPLE",7,11.9,6,45.6,33.3,4,12,0,13.3,4,16,306,0,52.4,72.5,60.9,NA,59.4,0.8,2,6,41,0,0,256,2,26,93.8,240,6.3,16,39.3,57,3,92.2,236,291,116,4.5,11.2,1.21,2021,77,217,4.66,11,31,115,4.37,7.13
"401","Antonio Nunn",42411,"WR","BUFFALO",7,13.3,7,66.1,41.2,7,17,0,5.1,2,21,126,0,76.7,73,83.5,NA,83.9,0,0,2,82,0,0,151,0,37,93.4,141,13.2,20,97.6,56,2,86.8,131,584,224,6.1,15.8,4.14,2021,71,204,4.5,15,33.5,120,4.32,7.12
"402","Adrian Hardy",42172,"WR","LA TECH",7,10.3,12,60.7,18.2,2,11,0,5.6,2,23,208,0,75.8,72.5,70.9,NA,70,0,0,1,32,0,0,260,0,34,92.7,241,2.7,7,101.9,56,4,97.3,253,442,232,6.8,13,1.83,2021,73,205,4.61,12,37.5,124,4.5,6.96
"403","Jacob Harris",34255,"WR","UCF",10,16.6,1,54.5,43.8,7,16,0,23.1,9,22,323,0,27.7,72,60.7,63.3,59.5,0.8,3,2,55,0.3,1,380,2,30,93.4,355,34.2,130,112.8,55,8,65,247,539,120,4,18,1.52,2021,77,219,4.43,15,40.5,133,4.31,6.51
"404","Rashod Bateman",84296,"WR","MINNESOTA",5,10.4,9,65.5,40,4,10,0,14.3,6,25,225,0,48.5,72.4,81.1,NA,81.9,0,0,3,39,0,0,143,0,36,95.8,137,67.1,96,81.8,55,2,32.9,47,472,192,5.3,13.1,3.45,2021,72.38,190,4.43,NA,36,123,4.35,6.95
"405","Austin Watkins",84457,"WR","UAB",7,15.7,7,63.6,72.7,8,11,0,0,0,24,321,1,90.3,36.9,75.7,NA,75.9,0,0,2,56,0,0,205,0,35,96.6,198,12.2,25,94.3,55,3,87.8,180,477,105,3,13.6,2.41,2021,73.5,209,4.56,18,NA,133,NA,NA
"406","Eli Stove",40061,"WR","AUBURN",10,4.5,4,83,50,1,2,0,0,0,17,115,0,91.8,80.4,73.4,62.1,72.5,1.2,2,1,38,0.6,1,166,0,44,94,156,49.4,82,105.8,53,3,48.2,80,358,254,5.8,8.1,2.29,2021,71.38,194,4.54,14,30.5,119,4.4,7.34
"407","Khalil McClain",60568,"WR","TROY",11,12.9,0,64,56.3,9,16,0,11.1,4,20,318,0,60.3,72.2,62.5,63.1,61.7,0,0,1,40,0.3,1,377,0,32,95.8,361,4,15,118.6,50,6,96,362,383,113,3.5,12,1.06,2021,74.88,214,4.7,15,32,114,4.5,7.72
"408","Tyler Vaughns",40283,"WR","USC",6,11.8,5,67.3,37.5,3,8,1,5.7,2,21,326,1,74.5,41,67.9,NA,68.5,0,0,3,42,0,0,263,3,33,93.9,247,1.9,5,86.9,49,3,98.1,258,397,131,4,12,1.61,2021,74,184,4.69,7,31.5,120,4.4,7.15
"409","Jalen Camp",40986,"WR","GA TECH",10,13,0,61.7,58.3,7,12,0,9.4,3,20,176,0,64.3,71.7,65,60.5,64,0,0,3,59,0.3,1,301,3,29,92.7,279,25.6,77,94.2,47,4,74.1,223,439,123,4.2,15.1,1.57,2021,73.88,226,4.48,29,39.5,125,4.14,7
"410","Damon Hazelton",42194,"WR","MISSOURI",9,12.6,9,65.2,57.1,4,7,0,11.8,4,18,229,0,56.6,72.1,77.1,NA,78.6,0,0,0,33,0,0,170,1,30,95.3,162,10,17,99.6,46,1,90,153,397,129,4.3,13.2,2.45,2021,74.75,206,4.64,NA,37.5,120,4.32,7.11
"411","Tim Jones",61669,"WR","SO MISS",6,10.5,9,68.2,50,6,12,0,6.3,2,23,296,0,72.7,72.1,85.2,NA,88.3,0,0,0,74,0,0,158,0,30,93,147,41.8,66,134.7,44,4,58.2,92,480,224,7.5,16,3.27,2021,72.75,203,4.47,17,40,124,4.14,7.02
"412","Bennett Skowronek",27948,"WR","NOTRE DAME",10,11.9,5,65.9,66.7,6,9,1,6.5,2,19,258,1,71.4,33.2,65.2,55,62.2,0,0,0,73,0,0,318,4,29,94.3,300,7.9,25,136.4,44,5,92.1,293,438,181,6.2,15.1,1.46,2021,74.88,220,NA,13,NA,118,NA,NA
"413","Rondale Moore",62890,"WR","PURDUE",3,2.6,3,79.5,25,1,4,0,0,0,14,273,0,90.6,74.5,80.9,NA,79.7,0,0,1,33,0,0,128,0,35,93.8,120,82.8,106,82.8,44,0,16.4,21,270,241,6.9,7.7,2.25,2021,67,181,4.32,NA,42.5,126,4.1,6.68
"414","Josh Imatorbhebhe",40548,"WR","ILLINOIS",7,12,5,51.2,71.4,5,7,0,15.4,4,13,187,0,48.6,71,66.3,NA,67.5,0,0,0,52,0,0,197,1,22,93.9,185,5.1,10,96.8,43,3,94.9,187,297,129,5.9,13.5,1.61,2021,72.88,218,4.53,24,46.5,134,4.38,7.1
"415","T.J. Vasher",42135,"WR","TEXAS TECH",7,13.2,2,45.2,30,3,10,0,13.6,3,14,315,1,52.3,25.8,60.7,NA,60.9,0,0,4,29,0,0,190,0,19,96.8,184,17.4,33,38.5,42,2,82.6,157,226,114,6,11.9,1.23,2021,77.63,203,NA,NA,37,121,NA,NA
"416","Ihmir Smith-Marsette",61324,"WR","IOWA",7,13.9,5,62.5,50,2,4,0,10.7,3,19,192,1,59.8,43.9,61,NA,63.4,0,0,1,53,0,0,194,4,25,96.4,187,22.2,43,113,40,4,77.8,151,345,128,5.1,13.8,1.84,2021,72.75,181,4.5,10,37,124,4.23,7.06
"417","Brandon Smith",61327,"WR","IOWA",8,11.7,2,57.5,50,4,8,0,14.8,4,17,192,2,49.8,18,60,NA,58.1,0,0,0,19,0,0,230,0,23,95.7,220,5.7,13,90.7,40,2,94.3,217,231,45,2,10,1.05,2021,73.38,218,4.64,21,39,130,NA,NA
"418","T.J. Simmons",47741,"WR","W VIRGINIA",8,10.7,7,63.9,42.9,3,7,0,25.8,8,18,343,1,19.8,29.5,64.8,61,67.2,0,0,0,41,0.6,1,170,0,23,95.3,162,97.6,166,138.8,36,4,2.4,4,401,163,7.1,17.4,2.48,2021,73.38,208,4.59,13,32,120,4.55,7.22
"419","Tre Nixon",40445,"WR","UCF",4,13.8,1,57.6,50,1,2,0,20.8,5,13,323,0,35.4,70.2,63.9,NA,64.1,0,0,0,51,0,0,155,1,19,94.2,146,4.5,7,103.1,33,2,95.5,148,260,54,2.8,13.7,1.78,2021,72.13,187,4.44,18,35.5,125,4.25,6.81
"420","Jaylen Waddle",84088,"WR","ALABAMA",5,11.7,2,87.5,100,4,4,0,3.4,1,22,103,0,79.5,76.3,82.6,NA,84.7,0.7,1,0,90,0,0,141,0,28,95.7,135,68.1,96,158.3,32,4,29.8,42,591,282,10.1,21.1,4.38,2021,69.5,180,NA,NA,NA,122,NA,NA
"421","Marquez Stevenson",41838,"WR","HOUSTON",5,11.6,3,71.4,66.7,2,3,0,4.8,1,12,182,1,75.4,33.7,69.9,NA,70,0,0,0,51,0,0,132,2,20,94.7,125,88.6,117,146,28,4,11.4,15,301,130,6.5,15.1,2.41,2021,70.13,180,4.48,NA,33,122,4.21,6.86
"422","Damonte Coxie",61419,"WR","MEMPHIS",2,11.9,3,64,25,1,4,0,5.9,1,11,218,1,70.9,69.8,71.3,NA,71.3,0,0,0,26,0,0,88,1,16,96.6,85,4.5,4,99.9,25,1,95.5,84,187,20,1.3,11.7,2.2,2021,74.13,198,4.77,4,30.5,122,4.45,6.92
"423","Racey McMath",61401,"WR","LSU",6,16.5,3,56,80,4,5,0,12.5,2,9,211,0,55.7,69,61.2,NA,59.4,0,0,4,30,0,0,157,0,14,96.8,152,12.7,20,55,25,1,87.3,137,195,46,3.3,13.9,1.28,2021,74.5,211,4.39,NA,34,125,4.4,7.37
"424","Tarik Black",61442,"WR","TEXAS",8,17.1,2,41.7,16.7,1,6,0,16.7,2,8,311,2,49.8,9.6,64.6,NA,65,0,0,1,72,0,0,107,2,10,92.5,99,15,16,74,24,1,85,91,234,103,10.3,23.4,2.36,2021,74.75,213,4.54,15,40,132,4.26,6.91
"425","Austin Trammell",52195,"WR","RICE",3,14.3,3,84.2,100,2,2,0,5.9,1,14,275,0,71.9,75.4,89.8,NA,89.1,1.1,1,0,72,0,0,91,0,16,95.6,87,50.5,46,158.3,19,6,48.4,44,335,136,8.5,20.9,3.85,2021,70.13,181,4.62,21,40,124,4.11,6.75
"426","Frank Darby",40988,"WR","ARIZONA ST",3,13.3,3,50,100,1,1,0,14.3,1,3,110,0,53.4,66.2,56.3,NA,57.3,0,0,0,15,0,0,60,0,6,91.7,55,3.3,2,87.5,12,1,96.7,58,46,14,2.3,7.7,0.84,2021,72,201,4.61,19,34.5,117,4.23,7.15
